siteName,siteType,depth,date,localTime,licorData,cloudy
STRI,IR,5,5/28/15,11:27:27,1397.6,N
STRI,IR,5,5/28/15,11:27:57,1240.9,N
STRI,IR,5,5/28/15,11:28:27,878.63,N
STRI,IR,5,5/28/15,11:28:57,838.95,N
STRI,IR,5,5/28/15,11:29:27,807.63,N
STRI,IR,5,5/28/15,11:29:57,817.09,N
STRI,IR,5,5/28/15,11:30:27,711.21,N
STRI,IR,5,5/28/15,11:30:57,654.83,N
STRI,IR,5,5/28/15,11:31:27,612.72,N
STRI,IR,5,5/28/15,11:31:57,722.57,N
STRI,IR,5,5/28/15,11:32:27,640.42,N
STRI,IR,5,5/28/15,11:32:57,653.27,N
STRI,IR,5,5/28/15,11:33:27,627.17,N
STRI,IR,5,5/28/15,11:33:57,657.55,N
STRI,IR,5,5/28/15,11:34:27,683.88,N
STRI,IR,5,5/28/15,11:34:57,696.54,N
STRI,IR,5,5/28/15,11:35:27,786.76,N
STRI,IR,5,5/28/15,11:35:57,695.03,N
STRI,IR,5,5/28/15,11:36:27,588.03,N
STRI,IR,5,5/28/15,11:36:57,601.45,N
STRI,IR,5,5/28/15,11:37:27,611.34,N
STRI,IR,5,5/28/15,11:37:57,662.24,N
STRI,IR,5,5/28/15,11:38:27,841.76,N
STRI,IR,5,5/28/15,11:38:57,970.04,N
STRI,IR,5,5/28/15,11:39:27,935.45,N
STRI,IR,5,5/28/15,11:39:57,1197,N
STRI,IR,5,5/28/15,11:40:27,1191.7,N
STRI,IR,5,5/28/15,11:40:57,985.87,N
STRI,IR,5,5/28/15,11:41:27,777.77,N
STRI,IR,5,5/28/15,11:41:57,859.75,N
STRI,IR,5,5/28/15,11:42:27,926.12,N
STRI,IR,5,5/28/15,11:42:57,868.09,N
STRI,IR,5,5/28/15,11:43:27,735.28,N
STRI,IR,5,5/28/15,11:43:57,874.85,N
STRI,IR,5,5/28/15,11:44:27,789.89,N
STRI,IR,5,5/28/15,11:44:57,797.15,N
STRI,IR,5,5/28/15,11:45:27,779.56,N
STRI,IR,5,5/28/15,11:45:57,824.5,N
STRI,IR,5,5/28/15,11:46:27,823.87,N
STRI,IR,5,5/28/15,11:46:57,836.88,N
STRI,IR,5,5/28/15,11:47:27,860.96,N
STRI,IR,5,5/28/15,11:47:57,878.57,N
STRI,IR,5,5/28/15,11:48:27,879.37,N
STRI,IR,5,5/28/15,11:48:57,917,N
STRI,IR,5,5/28/15,11:49:27,813.05,N
STRI,IR,5,5/28/15,11:49:57,976.45,N
STRI,IR,5,5/28/15,11:50:27,966.58,N
STRI,IR,5,5/28/15,11:50:57,757.12,N
STRI,IR,5,5/28/15,11:51:27,653.44,N
STRI,IR,5,5/28/15,11:51:57,611.17,N
STRI,IR,5,5/28/15,11:52:27,603.41,N
STRI,IR,5,5/28/15,11:52:57,758.41,N
STRI,IR,5,5/28/15,11:53:27,705.23,N
STRI,IR,5,5/28/15,11:53:57,672.97,N
STRI,IR,5,5/28/15,11:54:27,697.19,N
STRI,IR,5,5/28/15,11:54:57,706.5,N
STRI,IR,5,5/28/15,11:55:27,741.45,N
STRI,IR,5,5/28/15,11:55:57,974.18,N
STRI,IR,5,5/28/15,11:56:27,775.63,N
STRI,IR,5,5/28/15,11:56:57,841.5,N
STRI,IR,5,5/28/15,11:57:27,718.25,N
STRI,IR,5,5/28/15,11:57:57,719.94,N
STRI,IR,5,5/28/15,11:58:27,696.15,N
STRI,IR,5,5/28/15,11:58:57,674.51,N
STRI,IR,5,5/28/15,11:59:27,659.45,N
STRI,IR,5,5/28/15,11:59:57,671.74,N
STRI,IR,5,5/28/15,12:00:27,681.94,N
STRI,IR,5,5/28/15,12:00:57,688.07,N
STRI,IR,5,5/28/15,12:01:27,674.29,N
STRI,IR,5,5/28/15,12:01:57,674.29,N
STRI,IR,5,5/28/15,12:02:27,674.31,N
STRI,IR,5,5/28/15,12:02:57,649.6,N
STRI,IR,5,5/28/15,12:03:27,652.58,N
STRI,IR,5,5/28/15,12:03:57,631.08,N
STRI,IR,5,5/28/15,12:04:27,630.7,N
STRI,IR,5,5/28/15,12:04:57,587.92,N
STRI,IR,5,5/28/15,12:05:27,536.17,N
STRI,IR,5,5/28/15,12:05:57,532.28,N
STRI,IR,5,5/28/15,12:06:27,506.21,N
STRI,IR,5,5/28/15,12:06:57,521.31,N
STRI,IR,5,5/28/15,12:07:27,501.58,N
STRI,IR,5,5/28/15,12:07:57,501.72,N
STRI,IR,5,5/28/15,12:08:27,518.74,N
STRI,IR,5,5/28/15,12:08:57,582.11,N
STRI,IR,5,5/28/15,12:09:27,560.44,N
STRI,IR,5,5/28/15,12:09:57,488.6,N
STRI,IR,5,5/28/15,12:10:27,458.51,N
STRI,IR,5,5/28/15,12:10:57,437.22,N
STRI,IR,5,5/28/15,12:11:27,418.87,N
STRI,IR,5,5/28/15,12:11:57,394.03,N
STRI,IR,5,5/28/15,12:12:27,368.13,N
STRI,IR,5,5/28/15,12:12:57,348.07,N
STRI,IR,5,5/28/15,12:13:27,325.75,N
STRI,IR,5,5/28/15,12:13:57,307.37,N
STRI,IR,5,5/28/15,12:14:27,262.05,N
STRI,IR,5,5/28/15,12:14:57,154.08,N
STRI,IR,5,5/28/15,12:15:27,269.27,Y
STRI,IR,5,5/28/15,12:15:57,304.37,Y
STRI,IR,5,5/28/15,12:16:27,314.19,Y
STRI,IR,5,5/28/15,12:16:57,332.85,Y
STRI,IR,5,5/28/15,12:17:27,347.2,Y
STRI,IR,5,5/28/15,12:17:57,364.72,Y
STRI,IR,5,5/28/15,12:18:27,371.12,Y
STRI,IR,5,5/28/15,12:18:57,387.35,Y
STRI,IR,5,5/28/15,12:19:27,411.94,Y
STRI,IR,5,5/28/15,12:19:57,440.86,Y
STRI,IR,5,5/28/15,12:20:27,461.46,Y
STRI,IR,5,5/28/15,12:20:57,542.34,Y
STRI,IR,5,5/28/15,12:21:27,681.03,Y
STRI,IR,5,5/28/15,12:21:57,640.03,Y
STRI,IR,5,5/28/15,12:22:27,686.04,Y
STRI,IR,5,5/28/15,12:22:57,652.95,Y
STRI,IR,5,5/28/15,12:23:27,674.51,Y
STRI,IR,5,5/28/15,12:23:57,766.45,Y
STRI,IR,5,5/28/15,12:24:27,728.95,Y
STRI,IR,5,5/28/15,12:24:57,596.24,Y
STRI,IR,5,5/28/15,12:25:27,617.47,Y
STRI,IR,5,5/28/15,12:25:57,707.52,Y
STRI,IR,5,5/28/15,12:26:27,753.62,Y
STRI,IR,5,5/28/15,12:26:57,704.51,Y
STRI,IR,17,5/28/15,13:43:50,144.85,Y
STRI,IR,17,5/28/15,13:44:20,141.09,Y
STRI,IR,17,5/28/15,13:44:50,146.56,Y
STRI,IR,17,5/28/15,13:45:20,173.49,Y
STRI,IR,17,5/28/15,13:45:50,191.7,Y
STRI,IR,17,5/28/15,13:46:20,233.24,Y
STRI,IR,17,5/28/15,13:46:50,212.64,Y
STRI,IR,17,5/28/15,13:47:20,169.68,Y
STRI,IR,17,5/28/15,13:47:50,163.33,Y
STRI,IR,17,5/28/15,13:48:20,141.36,Y
STRI,IR,17,5/28/15,13:48:50,134.62,Y
STRI,IR,17,5/28/15,13:49:20,136.81,Y
STRI,IR,17,5/28/15,13:49:50,141.45,Y
STRI,IR,17,5/28/15,13:50:20,141.5,Y
STRI,IR,17,5/28/15,13:50:50,143.17,Y
STRI,IR,17,5/28/15,13:51:20,154.2,Y
STRI,IR,17,5/28/15,13:51:50,150.65,Y
STRI,IR,17,5/28/15,13:52:20,142.41,Y
STRI,IR,17,5/28/15,13:52:50,136.67,Y
STRI,IR,17,5/28/15,13:53:20,130.71,Y
STRI,IR,17,5/28/15,13:53:50,126.29,Y
STRI,IR,17,5/28/15,13:54:20,124.44,Y
STRI,IR,17,5/28/15,13:54:50,124.49,Y
STRI,IR,17,5/28/15,13:55:20,123.38,Y
STRI,IR,17,5/28/15,13:55:50,121.52,Y
STRI,IR,17,5/28/15,13:56:20,128.56,Y
STRI,IR,17,5/28/15,13:56:50,118.13,Y
STRI,IR,17,5/28/15,13:57:20,109.14,Y
STRI,IR,17,5/28/15,13:57:50,105.12,Y
STRI,IR,17,5/28/15,13:58:20,100.82,Y
STRI,IR,17,5/28/15,13:58:50,98.362,Y
STRI,IR,17,5/28/15,13:59:20,96.798,Y
STRI,IR,17,5/28/15,13:59:50,84.402,Y
STRI,IR,17,5/28/15,14:00:20,571.85,Y
STRI,IR,17,5/28/15,14:00:50,339.54,Y
STRI,IR,17,5/28/15,14:01:20,0.0024722,Y
STRI,IR,17,5/28/15,14:01:50,0.0024722,Y
PUNTA LAUREL,IR,8,6/3/15,12:19:14,732.71,Y
PUNTA LAUREL,IR,8,6/3/15,12:19:44,806.59,Y
PUNTA LAUREL,IR,8,6/3/15,12:20:14,773.62,Y
PUNTA LAUREL,IR,8,6/3/15,12:20:44,767.1,Y
PUNTA LAUREL,IR,8,6/3/15,12:21:14,762.47,Y
PUNTA LAUREL,IR,8,6/3/15,12:21:44,686.45,Y
PUNTA LAUREL,IR,8,6/3/15,12:22:14,736.16,Y
PUNTA LAUREL,IR,8,6/3/15,12:22:44,778.91,Y
PUNTA LAUREL,IR,8,6/3/15,12:23:14,737.52,Y
PUNTA LAUREL,IR,8,6/3/15,12:23:44,795.48,Y
PUNTA LAUREL,IR,8,6/3/15,12:24:14,753.57,Y
PUNTA LAUREL,IR,8,6/3/15,12:24:44,752.99,Y
PUNTA LAUREL,IR,8,6/3/15,12:25:14,811.04,Y
PUNTA LAUREL,IR,8,6/3/15,12:25:44,710.43,Y
PUNTA LAUREL,IR,8,6/3/15,12:26:14,723.65,Y
PUNTA LAUREL,IR,8,6/3/15,12:26:44,773.1,Y
PUNTA LAUREL,IR,8,6/3/15,12:27:14,801.1,Y
PUNTA LAUREL,IR,8,6/3/15,12:27:44,758.15,Y
PUNTA LAUREL,IR,8,6/3/15,12:28:14,805.38,Y
PUNTA LAUREL,IR,8,6/3/15,12:28:44,741.69,Y
PUNTA LAUREL,IR,8,6/3/15,12:29:14,734.22,Y
PUNTA LAUREL,IR,8,6/3/15,12:29:44,753.21,Y
PUNTA LAUREL,IR,8,6/3/15,12:30:14,746.88,Y
PUNTA LAUREL,IR,8,6/3/15,12:30:44,744.72,Y
PUNTA LAUREL,IR,8,6/3/15,12:31:14,709.14,Y
PUNTA LAUREL,IR,8,6/3/15,12:31:44,693.69,Y
PUNTA LAUREL,IR,8,6/3/15,12:32:14,674.94,Y
PUNTA LAUREL,IR,8,6/3/15,12:32:44,653.94,Y
PUNTA LAUREL,IR,8,6/3/15,12:33:14,780.1,Y
PUNTA LAUREL,IR,8,6/3/15,12:33:44,788.51,Y
PUNTA LAUREL,IR,8,6/3/15,12:34:14,704.21,Y
PUNTA LAUREL,IR,8,6/3/15,12:34:44,667.9,Y
PUNTA LAUREL,IR,8,6/3/15,12:35:14,779.78,Y
PUNTA LAUREL,IR,8,6/3/15,12:35:44,751.22,Y
PUNTA LAUREL,IR,8,6/3/15,12:36:14,799.37,Y
PUNTA LAUREL,IR,8,6/3/15,12:36:44,787.47,Y
PUNTA LAUREL,IR,8,6/3/15,12:37:14,655.41,Y
PUNTA LAUREL,IR,8,6/3/15,12:37:44,858.54,Y
PUNTA LAUREL,IR,8,6/3/15,12:38:14,677.68,Y
PUNTA LAUREL,IR,8,6/3/15,12:38:44,727.89,Y
PUNTA LAUREL,IR,8,6/3/15,12:39:14,642.88,Y
PUNTA LAUREL,IR,8,6/3/15,12:39:44,790.64,Y
PUNTA LAUREL,IR,8,6/3/15,12:40:14,635.75,Y
PUNTA LAUREL,IR,8,6/3/15,12:40:44,698.94,Y
PUNTA LAUREL,IR,8,6/3/15,12:41:14,732.25,Y
PUNTA LAUREL,IR,8,6/3/15,12:41:44,775.03,Y
PUNTA LAUREL,IR,8,6/3/15,12:42:14,670.96,Y
PUNTA LAUREL,IR,8,6/3/15,12:42:44,735.21,Y
PUNTA LAUREL,IR,8,6/3/15,12:43:14,645.91,Y
PUNTA LAUREL,IR,8,6/3/15,12:43:44,738.43,Y
PUNTA LAUREL,IR,8,6/3/15,12:44:14,571.85,Y
PUNTA LAUREL,IR,8,6/3/15,12:44:44,787.27,Y
PUNTA LAUREL,IR,8,6/3/15,12:45:14,767.27,Y
PUNTA LAUREL,IR,8,6/3/15,12:45:44,808.55,Y
PUNTA LAUREL,IR,8,6/3/15,12:46:14,780.71,Y
PUNTA LAUREL,IR,8,6/3/15,12:46:44,825.14,Y
PUNTA LAUREL,IR,8,6/3/15,12:47:14,663.99,Y
PUNTA LAUREL,IR,8,6/3/15,12:47:44,644.91,Y
PUNTA LAUREL,IR,8,6/3/15,12:48:14,709.31,Y
PUNTA LAUREL,IR,8,6/3/15,12:48:44,535.15,Y
PUNTA LAUREL,IR,8,6/3/15,12:49:14,578.91,Y
PUNTA LAUREL,IR,8,6/3/15,12:49:44,571.85,Y
PUNTA LAUREL,IR,8,6/3/15,12:50:14,700.52,Y
PUNTA LAUREL,IR,8,6/3/15,12:50:44,571.85,Y
PUNTA LAUREL,IR,8,6/3/15,12:51:14,689.78,Y
PUNTA LAUREL,IR,8,6/3/15,12:51:44,743.92,Y
PUNTA LAUREL,IR,8,6/3/15,12:52:14,621.6,Y
PUNTA LAUREL,IR,8,6/3/15,12:52:44,751.15,Y
PUNTA LAUREL,IR,8,6/3/15,12:53:14,700.52,Y
PUNTA LAUREL,IR,8,6/3/15,12:53:44,777.14,Y
PUNTA LAUREL,IR,8,6/3/15,12:54:14,700.17,Y
PUNTA LAUREL,IR,8,6/3/15,12:54:44,571.85,Y
PUNTA LAUREL,IR,8,6/3/15,12:55:14,646.96,Y
PUNTA LAUREL,IR,8,6/3/15,12:55:44,675.22,Y
PUNTA LAUREL,IR,8,6/3/15,12:56:14,726.89,Y
PUNTA LAUREL,IR,8,6/3/15,12:56:44,571.85,Y
PUNTA LAUREL,IR,8,6/3/15,12:57:14,728.15,Y
PUNTA LAUREL,IR,8,6/3/15,12:57:44,831.58,Y
PUNTA LAUREL,IR,8,6/3/15,12:58:14,762.99,Y
PUNTA LAUREL,IR,8,6/3/15,12:58:44,787.97,Y
PUNTA LAUREL,IR,8,6/3/15,12:59:14,751.67,Y
PUNTA LAUREL,IR,8,6/3/15,12:59:44,717.15,Y
PUNTA LAUREL,IR,8,6/3/15,13:00:14,801.75,Y
PUNTA LAUREL,IR,8,6/3/15,13:00:44,747.74,Y
PUNTA LAUREL,IR,8,6/3/15,13:01:14,733.96,Y
PUNTA LAUREL,IR,8,6/3/15,13:01:44,620.13,Y
PUNTA LAUREL,IR,8,6/3/15,13:02:14,571.85,Y
PUNTA LAUREL,IR,8,6/3/15,13:02:44,571.85,Y
PUNTA LAUREL,IR,8,6/3/15,13:03:14,620.59,Y
PUNTA LAUREL,IR,8,6/3/15,13:03:44,550.67,Y
PUNTA LAUREL,IR,8,6/3/15,13:04:14,609.18,Y
PUNTA LAUREL,IR,8,6/3/15,13:04:44,571.85,Y
PUNTA LAUREL,IR,8,6/3/15,13:05:14,564.89,Y
PUNTA LAUREL,IR,8,6/3/15,13:05:44,571.85,Y
PUNTA LAUREL,IR,8,6/3/15,13:06:14,674.12,Y
PUNTA LAUREL,IR,8,6/3/15,13:06:44,569.73,Y
PUNTA LAUREL,IR,8,6/3/15,13:07:14,601.94,Y
PUNTA LAUREL,IR,8,6/3/15,13:07:44,736.79,Y
PUNTA LAUREL,IR,8,6/3/15,13:08:14,788.66,Y
PUNTA LAUREL,IR,8,6/3/15,13:08:44,816.4,Y
PUNTA LAUREL,IR,8,6/3/15,13:09:14,739.94,Y
PUNTA LAUREL,IR,8,6/3/15,13:09:44,655.11,Y
PUNTA LAUREL,IR,8,6/3/15,13:10:14,622.21,Y
PUNTA LAUREL,IR,8,6/3/15,13:10:44,644.5,Y
PUNTA LAUREL,IR,8,6/3/15,13:11:14,595.64,Y
PUNTA LAUREL,IR,8,6/3/15,13:11:44,670.34,Y
PUNTA LAUREL,IR,8,6/3/15,13:12:14,725.94,Y
PUNTA LAUREL,IR,8,6/3/15,13:12:44,900.69,Y
PUNTA LAUREL,IR,8,6/3/15,13:13:14,848.32,Y
PUNTA LAUREL,IR,8,6/3/15,13:13:44,667.16,Y
PUNTA LAUREL,IR,8,6/3/15,13:14:14,717.11,Y
PUNTA LAUREL,IR,8,6/3/15,13:14:44,667.31,Y
PUNTA LAUREL,IR,8,6/3/15,13:15:14,851.37,Y
PUNTA LAUREL,IR,8,6/3/15,13:15:44,813.8,Y
PUNTA LAUREL,IR,8,6/3/15,13:16:14,862.43,Y
PUNTA LAUREL,IR,8,6/3/15,13:16:44,838.69,Y
PUNTA LAUREL,IR,8,6/3/15,13:17:14,727.72,Y
PUNTA LAUREL,IR,8,6/3/15,13:17:44,633.44,Y
PUNTA LAUREL,IR,8,6/3/15,13:18:14,959.43,Y
PUNTA LAUREL,IR,8,6/3/15,13:18:44,751.48,Y
PUNTA LAUREL,IR,8,6/3/15,13:19:14,791.85,Y
PUNTA LAUREL,IR,8,6/3/15,13:19:44,777.01,Y
PUNTA LAUREL,IR,8,6/3/15,13:20:14,826.64,Y
PUNTA LAUREL,IR,8,6/3/15,13:20:44,753.25,Y
PUNTA LAUREL,IR,8,6/3/15,13:21:14,722.79,Y
PUNTA LAUREL,IR,8,6/3/15,13:21:44,706.37,Y
PUNTA LAUREL,IR,8,6/3/15,13:22:14,838.58,Y
PUNTA LAUREL,IR,8,6/3/15,13:22:44,726.81,Y
PUNTA LAUREL,IR,8,6/3/15,13:23:14,696.65,Y
PUNTA LAUREL,IR,8,6/3/15,13:23:44,847.59,Y
PUNTA LAUREL,IR,8,6/3/15,13:24:14,752.58,Y
PUNTA LAUREL,IR,8,6/3/15,13:24:44,817.26,Y
PUNTA DONATO,IR,10,6/5/15,11:44:59,301.4,N
PUNTA DONATO,IR,10,6/5/15,11:45:29,309.81,N
PUNTA DONATO,IR,10,6/5/15,11:45:59,402.73,N
PUNTA DONATO,IR,10,6/5/15,11:46:29,393.64,N
PUNTA DONATO,IR,10,6/5/15,11:46:59,292.2,N
PUNTA DONATO,IR,10,6/5/15,11:47:29,288.07,N
PUNTA DONATO,IR,10,6/5/15,11:47:59,280.17,N
PUNTA DONATO,IR,10,6/5/15,11:48:29,269.04,N
PUNTA DONATO,IR,10,6/5/15,11:48:59,275.16,N
PUNTA DONATO,IR,10,6/5/15,11:49:29,293.48,N
PUNTA DONATO,IR,10,6/5/15,11:49:59,276.48,N
PUNTA DONATO,IR,10,6/5/15,11:50:29,269.27,N
PUNTA DONATO,IR,10,6/5/15,11:50:59,265.82,N
PUNTA DONATO,IR,10,6/5/15,11:51:29,259.68,N
PUNTA DONATO,IR,10,6/5/15,11:51:59,258.52,N
PUNTA DONATO,IR,10,6/5/15,11:52:29,252.61,N
PUNTA DONATO,IR,10,6/5/15,11:52:59,254.22,N
PUNTA DONATO,IR,10,6/5/15,11:53:29,256.72,N
PUNTA DONATO,IR,10,6/5/15,11:53:59,257.96,N
PUNTA DONATO,IR,10,6/5/15,11:54:29,257.08,N
PUNTA DONATO,IR,10,6/5/15,11:54:59,263.47,N
PUNTA DONATO,IR,10,6/5/15,11:55:29,267.53,N
PUNTA DONATO,IR,10,6/5/15,11:55:59,266.97,N
PUNTA DONATO,IR,10,6/5/15,11:56:29,258.44,N
PUNTA DONATO,IR,10,6/5/15,11:56:59,258.99,N
PUNTA DONATO,IR,10,6/5/15,11:57:29,245.11,N
PUNTA DONATO,IR,10,6/5/15,11:57:59,253.5,N
PUNTA DONATO,IR,10,6/5/15,11:58:29,265.47,N
PUNTA DONATO,IR,10,6/5/15,11:58:59,283.03,N
PUNTA DONATO,IR,10,6/5/15,11:59:29,288.42,N
PUNTA DONATO,IR,10,6/5/15,11:59:59,314.03,N
PUNTA DONATO,IR,10,6/5/15,12:00:29,453.19,N
PUNTA DONATO,IR,10,6/5/15,12:00:59,491.25,N
PUNTA DONATO,IR,10,6/5/15,12:01:29,402.31,N
PUNTA DONATO,IR,10,6/5/15,12:01:59,426.16,N
PUNTA DONATO,IR,10,6/5/15,12:02:29,280.52,N
PUNTA DONATO,IR,10,6/5/15,12:02:59,252.61,N
PUNTA DONATO,IR,10,6/5/15,12:03:29,240.47,N
PUNTA DONATO,IR,10,6/5/15,12:03:59,240.15,N
PUNTA DONATO,IR,10,6/5/15,12:04:29,232.17,N
PUNTA DONATO,IR,10,6/5/15,12:04:59,222.42,N
PUNTA DONATO,IR,10,6/5/15,12:05:29,243.58,N
PUNTA DONATO,IR,10,6/5/15,12:05:59,233.56,N
PUNTA DONATO,IR,10,6/5/15,12:06:29,223.66,N
PUNTA DONATO,IR,10,6/5/15,12:06:59,214.17,N
PUNTA DONATO,IR,10,6/5/15,12:07:29,212.64,N
PUNTA DONATO,IR,10,6/5/15,12:07:59,215.31,N
PUNTA DONATO,IR,10,6/5/15,12:08:29,217.32,N
PUNTA DONATO,IR,10,6/5/15,12:08:59,220.39,N
PUNTA DONATO,IR,10,6/5/15,12:09:29,213.32,N
PUNTA DONATO,IR,10,6/5/15,12:09:59,228.19,N
PUNTA DONATO,IR,10,6/5/15,12:10:29,222.4,N
PUNTA DONATO,IR,10,6/5/15,12:10:59,241.2,N
PUNTA DONATO,IR,10,6/5/15,12:11:29,272.78,N
PUNTA DONATO,IR,10,6/5/15,12:11:59,337.64,N
PUNTA DONATO,IR,10,6/5/15,12:12:29,372.5,N
PUNTA DONATO,IR,10,6/5/15,12:12:59,309.49,N
PUNTA DONATO,IR,10,6/5/15,12:13:29,295.25,N
PUNTA DONATO,IR,10,6/5/15,12:13:59,281.17,N
PUNTA DONATO,IR,10,6/5/15,12:14:29,270.56,N
PUNTA DONATO,IR,10,6/5/15,12:14:59,249.15,N
PUNTA DONATO,IR,10,6/5/15,12:15:29,229.12,N
PUNTA DONATO,IR,10,6/5/15,12:15:59,221.61,N
PUNTA DONATO,IR,10,6/5/15,12:16:29,206.87,N
PUNTA DONATO,IR,10,6/5/15,12:16:59,192.37,N
PUNTA DONATO,IR,10,6/5/15,12:17:29,185.26,N
PUNTA DONATO,IR,10,6/5/15,12:17:59,184.28,N
PUNTA DONATO,IR,10,6/5/15,12:18:29,182.03,N
PUNTA DONATO,IR,10,6/5/15,12:18:59,162.02,N
PUNTA DONATO,IR,10,6/5/15,12:19:29,164.63,N
PUNTA DONATO,IR,10,6/5/15,12:19:59,157.46,N
PUNTA DONATO,IR,10,6/5/15,12:20:29,159.03,N
PUNTA DONATO,IR,10,6/5/15,12:20:59,156.84,N
PUNTA DONATO,IR,10,6/5/15,12:21:29,169.02,N
PUNTA DONATO,IR,10,6/5/15,12:21:59,156.57,N
PUNTA DONATO,IR,10,6/5/15,12:22:29,156.7,N
PUNTA DONATO,IR,10,6/5/15,12:22:59,164.76,N
PUNTA DONATO,IR,10,6/5/15,12:23:29,163.68,N
PUNTA DONATO,IR,10,6/5/15,12:23:59,171.88,N
PUNTA DONATO,IR,10,6/5/15,12:24:29,176.9,N
PUNTA DONATO,IR,10,6/5/15,12:24:59,178.39,N
PUNTA DONATO,IR,10,6/5/15,12:25:29,186.95,N
PUNTA DONATO,IR,10,6/5/15,12:25:59,179.64,N
PUNTA DONATO,IR,10,6/5/15,12:26:29,186.96,N
PUNTA DONATO,IR,10,6/5/15,12:26:59,193.13,N
PUNTA DONATO,IR,10,6/5/15,12:27:29,187.24,N
PUNTA DONATO,IR,10,6/5/15,12:27:59,189.62,N
PUNTA DONATO,IR,10,6/5/15,12:28:29,191.59,N
PUNTA DONATO,IR,10,6/5/15,12:28:59,197.21,N
PUNTA DONATO,IR,10,6/5/15,12:29:29,202.93,N
PUNTA DONATO,IR,10,6/5/15,12:29:59,205.84,N
PUNTA DONATO,IR,10,6/5/15,12:30:29,206.14,N
PUNTA DONATO,IR,10,6/5/15,12:30:59,226.69,N
BASTIM NORTH,OR,15,5/29/15,9:53:42,457.59,N
BASTIM NORTH,OR,15,5/29/15,9:54:12,426.23,N
BASTIM NORTH,OR,15,5/29/15,9:54:42,437.6,N
BASTIM NORTH,OR,15,5/29/15,9:55:12,453.28,N
BASTIM NORTH,OR,15,5/29/15,9:55:42,406.63,N
BASTIM NORTH,OR,15,5/29/15,9:56:12,446.57,N
BASTIM NORTH,OR,15,5/29/15,9:56:42,536.76,N
BASTIM NORTH,OR,15,5/29/15,9:57:12,518.79,N
BASTIM NORTH,OR,15,5/29/15,9:57:42,483.62,N
BASTIM NORTH,OR,15,5/29/15,9:58:12,416.97,N
BASTIM NORTH,OR,15,5/29/15,9:58:42,439.48,N
BASTIM NORTH,OR,15,5/29/15,9:59:12,476.62,N
BASTIM NORTH,OR,15,5/29/15,9:59:42,507.53,N
BASTIM NORTH,OR,15,5/29/15,10:00:12,447.03,N
BASTIM NORTH,OR,15,5/29/15,10:00:42,459.61,N
BASTIM NORTH,OR,15,5/29/15,10:01:12,404.28,N
BASTIM NORTH,OR,15,5/29/15,10:01:42,459.15,N
BASTIM NORTH,OR,15,5/29/15,10:02:12,439.03,N
BASTIM NORTH,OR,15,5/29/15,10:02:42,430.26,N
BASTIM NORTH,OR,15,5/29/15,10:03:12,423.25,N
BASTIM NORTH,OR,15,5/29/15,10:03:42,428.97,N
BASTIM NORTH,OR,15,5/29/15,10:04:12,379.08,N
BASTIM NORTH,OR,15,5/29/15,10:04:42,399.8,N
BASTIM NORTH,OR,15,5/29/15,10:05:12,409.41,N
BASTIM NORTH,OR,15,5/29/15,10:05:42,398.58,N
BASTIM NORTH,OR,15,5/29/15,10:06:12,439.7,N
BASTIM NORTH,OR,15,5/29/15,10:06:42,410.77,N
BASTIM NORTH,OR,15,5/29/15,10:07:12,398.56,N
BASTIM NORTH,OR,15,5/29/15,10:07:42,406.9,N
BASTIM NORTH,OR,15,5/29/15,10:08:12,382.06,N
BASTIM NORTH,OR,15,5/29/15,10:08:42,404.97,N
BASTIM NORTH,OR,15,5/29/15,10:09:12,376.52,N
BASTIM NORTH,OR,15,5/29/15,10:09:42,388.72,N
BASTIM NORTH,OR,15,5/29/15,10:10:12,378.62,N
BASTIM NORTH,OR,15,5/29/15,10:10:42,356.89,N
BASTIM NORTH,OR,15,5/29/15,10:11:12,353.74,N
BASTIM NORTH,OR,15,5/29/15,10:11:42,337.63,N
BASTIM NORTH,OR,15,5/29/15,10:12:12,348.27,N
BASTIM NORTH,OR,15,5/29/15,10:12:42,330.13,N
BASTIM NORTH,OR,15,5/29/15,10:13:12,333.89,N
BASTIM NORTH,OR,15,5/29/15,10:13:42,331.77,N
BASTIM NORTH,OR,15,5/29/15,10:14:12,323.95,N
BASTIM NORTH,OR,15,5/29/15,10:14:42,331.89,N
BASTIM NORTH,OR,15,5/29/15,10:15:12,338.33,N
BASTIM NORTH,OR,15,5/29/15,10:15:42,324.72,N
BASTIM NORTH,OR,15,5/29/15,10:16:12,329.51,N
BASTIM NORTH,OR,15,5/29/15,10:16:42,338.43,N
BASTIM NORTH,OR,15,5/29/15,10:17:12,329.65,N
BASTIM NORTH,OR,15,5/29/15,10:17:42,329.31,N
BASTIM NORTH,OR,15,5/29/15,10:18:12,321.6,N
BASTIM NORTH,OR,15,5/29/15,10:18:42,336.68,N
BASTIM NORTH,OR,15,5/29/15,10:19:12,345.06,N
BASTIM NORTH,OR,15,5/29/15,10:19:42,356.85,N
BASTIM NORTH,OR,15,5/29/15,10:20:12,364.55,N
BASTIM NORTH,OR,15,5/29/15,10:20:42,353.29,N
BASTIM NORTH,OR,15,5/29/15,10:21:12,350.07,N
BASTIM NORTH,OR,15,5/29/15,10:21:42,348.21,N
BASTIM NORTH,OR,15,5/29/15,10:22:12,375.27,N
BASTIM NORTH,OR,15,5/29/15,10:22:42,375.93,N
BASTIM NORTH,OR,15,5/29/15,10:23:12,350.08,N
BASTIM NORTH,OR,15,5/29/15,10:23:42,339.72,N
BASTIM NORTH,OR,15,5/29/15,10:24:12,369.71,N
BASTIM NORTH,OR,15,5/29/15,10:24:42,370.72,N
BASTIM NORTH,OR,15,5/29/15,10:25:12,349.32,N
BASTIM NORTH,OR,15,5/29/15,10:25:42,376.9,N
BASTIM NORTH,OR,15,5/29/15,10:26:12,381.08,N
BASTIM NORTH,OR,15,5/29/15,10:26:42,384.86,N
BASTIM NORTH,OR,15,5/29/15,10:27:12,376.03,N
BASTIM NORTH,OR,15,5/29/15,10:27:42,398.96,N
BASTIM NORTH,OR,15,5/29/15,10:28:12,384.71,N
BASTIM NORTH,OR,15,5/29/15,10:28:42,389.18,N
BASTIM NORTH,OR,15,5/29/15,10:29:12,378.74,N
BASTIM NORTH,OR,15,5/29/15,10:29:42,383.61,N
BASTIM NORTH,OR,15,5/29/15,10:30:12,370.25,N
BASTIM NORTH,OR,15,5/29/15,10:30:42,397.49,N
BASTIM NORTH,OR,15,5/29/15,10:31:12,384.07,N
BASTIM NORTH,OR,15,5/29/15,10:31:42,373.28,N
BASTIM NORTH,OR,15,5/29/15,10:32:12,389.48,N
BASTIM NORTH,OR,15,5/29/15,10:32:42,377.36,N
BASTIM NORTH,OR,15,5/29/15,10:33:12,394.32,N
BASTIM NORTH,OR,15,5/29/15,10:33:42,411.18,N
BASTIM NORTH,OR,15,5/29/15,10:34:12,405.46,N
BASTIM NORTH,OR,15,5/29/15,10:34:42,397.81,N
BASTIM NORTH,OR,15,5/29/15,10:35:12,409.92,N
BASTIM NORTH,OR,15,5/29/15,10:35:42,386.39,N
BASTIM NORTH,OR,15,5/29/15,10:36:12,399.57,N
BASTIM NORTH,OR,15,5/29/15,10:36:42,405.01,N
BASTIM NORTH,OR,15,5/29/15,10:37:12,395.57,N
BASTIM NORTH,OR,15,5/29/15,10:37:42,422.15,N
BASTIM NORTH,OR,15,5/29/15,10:38:12,401.23,N
BASTIM NORTH,OR,15,5/29/15,10:38:42,386.21,N
BASTIM NORTH,OR,15,5/29/15,10:39:12,388.24,N
BASTIM NORTH,OR,15,5/29/15,10:39:42,394.82,N
BASTIM NORTH,OR,15,5/29/15,10:40:12,371.12,N
BASTIM NORTH,OR,15,5/29/15,10:40:42,362.66,N
BASTIM NORTH,OR,15,5/29/15,10:41:12,384.61,N
BASTIM NORTH,OR,15,5/29/15,10:41:42,367.11,N
BASTIM NORTH,OR,15,5/29/15,10:42:12,363.79,N
BASTIM NORTH,OR,15,5/29/15,10:42:42,378.83,N
BASTIM NORTH,OR,15,5/29/15,10:43:12,356.93,N
BASTIM NORTH,OR,15,5/29/15,10:43:42,368.54,N
BASTIM NORTH,OR,15,5/29/15,10:44:12,361.72,N
BASTIM NORTH,OR,15,5/29/15,10:44:42,368.44,N
BASTIM NORTH,OR,15,5/29/15,10:45:12,365.38,N
BASTIM NORTH,OR,15,5/29/15,10:45:42,353.67,N
BASTIM NORTH,OR,15,5/29/15,10:46:12,353.89,N
BASTIM NORTH,OR,15,5/29/15,10:46:42,361.29,N
BASTIM NORTH,OR,15,5/29/15,10:47:12,366.16,N
BASTIM NORTH,OR,15,5/29/15,10:47:42,356.74,N
BASTIM NORTH,OR,15,5/29/15,10:48:12,359.92,N
BASTIM NORTH,OR,15,5/29/15,10:48:42,363.75,N
BASTIM NORTH,OR,15,5/29/15,10:49:12,363.77,N
BASTIM NORTH,OR,15,5/29/15,10:49:42,367.16,N
BASTIM NORTH,OR,15,5/29/15,10:50:12,390.91,N
BASTIM NORTH,OR,15,5/29/15,10:50:42,387.55,N
BASTIM NORTH,OR,15,5/29/15,10:51:12,388.39,N
BASTIM NORTH,OR,15,5/29/15,10:51:42,396.14,N
BASTIM NORTH,OR,15,5/29/15,10:52:12,391.55,N
BASTIM NORTH,OR,15,5/29/15,10:52:42,388.41,N
BASTIM NORTH,OR,15,5/29/15,10:53:12,421.24,N
BASTIM NORTH,OR,15,5/29/15,10:53:42,410.18,N
BASTIM NORTH,OR,15,5/29/15,10:54:12,405.7,N
BASTIM NORTH,OR,15,5/29/15,10:54:42,403.07,N
BASTIM NORTH,OR,15,5/29/15,10:55:12,394.8,N
BASTIM NORTH,OR,15,5/29/15,10:55:42,405.12,N
BASTIM NORTH,OR,15,5/29/15,10:56:12,407.82,N
BASTIM NORTH,OR,15,5/29/15,10:56:42,404.99,N
BASTIM NORTH,OR,15,5/29/15,10:57:12,364.03,N
BASTIM NORTH,OR,15,5/29/15,10:57:42,405.33,N
BASTIM NORTH,OR,15,5/29/15,10:58:12,396.72,N
BASTIM NORTH,OR,15,5/29/15,10:58:42,328.46,N
BASTIM NORTH,OR,15,5/29/15,10:59:12,444.12,N
BASTIM NORTH,OR,15,5/29/15,10:59:42,453.39,N
BASTIM NORTH,OR,15,5/29/15,11:00:12,475.01,N
BASTIM NORTH,OR,15,5/29/15,11:00:42,516.83,N
BASTIM NORTH,OR,15,5/29/15,11:01:12,488.9,N
BASTIM NORTH,OR,15,5/29/15,11:01:42,452.34,N
BASTIM NORTH,OR,5,5/29/15,12:05:13,502.77,Y
BASTIM NORTH,OR,5,5/29/15,12:05:43,509.53,Y
BASTIM NORTH,OR,5,5/29/15,12:06:13,460.78,Y
BASTIM NORTH,OR,5,5/29/15,12:06:43,479.68,Y
BASTIM NORTH,OR,5,5/29/15,12:07:13,502.44,Y
BASTIM NORTH,OR,5,5/29/15,12:07:43,471,Y
BASTIM NORTH,OR,5,5/29/15,12:08:13,391.46,Y
BASTIM NORTH,OR,5,5/29/15,12:08:43,473.67,Y
BASTIM NORTH,OR,5,5/29/15,12:09:13,492.82,Y
BASTIM NORTH,OR,5,5/29/15,12:09:43,519.25,Y
BASTIM NORTH,OR,5,5/29/15,12:10:13,487.47,Y
BASTIM NORTH,OR,5,5/29/15,12:10:43,476.14,Y
BASTIM NORTH,OR,5,5/29/15,12:11:13,477.09,Y
BASTIM NORTH,OR,5,5/29/15,12:11:43,465.66,Y
BASTIM NORTH,OR,5,5/29/15,12:12:13,471.1,Y
BASTIM NORTH,OR,5,5/29/15,12:12:43,464.51,Y
BASTIM NORTH,OR,5,5/29/15,12:13:13,467.8,Y
BASTIM NORTH,OR,5,5/29/15,12:13:43,427.17,Y
BASTIM NORTH,OR,5,5/29/15,12:14:13,476.7,Y
BASTIM NORTH,OR,5,5/29/15,12:14:43,464.16,Y
BASTIM NORTH,OR,5,5/29/15,12:15:13,426.15,Y
BASTIM NORTH,OR,5,5/29/15,12:15:43,461.24,Y
BASTIM NORTH,OR,5,5/29/15,12:16:13,467.55,Y
BASTIM NORTH,OR,5,5/29/15,12:16:43,481.95,Y
BASTIM NORTH,OR,5,5/29/15,12:17:13,460.34,Y
BASTIM NORTH,OR,5,5/29/15,12:17:43,463.08,Y
BASTIM NORTH,OR,5,5/29/15,12:18:13,486.44,Y
BASTIM NORTH,OR,5,5/29/15,12:18:43,455.3,Y
BASTIM NORTH,OR,5,5/29/15,12:19:13,442.53,Y
BASTIM NORTH,OR,5,5/29/15,12:19:43,444.04,Y
BASTIM NORTH,OR,5,5/29/15,12:20:13,432.59,Y
BASTIM NORTH,OR,5,5/29/15,12:20:43,464.88,Y
BASTIM NORTH,OR,5,5/29/15,12:21:13,435.32,Y
BASTIM NORTH,OR,5,5/29/15,12:21:43,442.53,Y
BASTIM NORTH,OR,5,5/29/15,12:22:13,446.98,Y
BASTIM NORTH,OR,5,5/29/15,12:22:43,469.05,Y
BASTIM NORTH,OR,5,5/29/15,12:23:13,498.78,Y
BASTIM NORTH,OR,5,5/29/15,12:23:43,452.8,Y
BASTIM NORTH,OR,5,5/29/15,12:24:13,467.87,Y
BASTIM NORTH,OR,5,5/29/15,12:24:43,460.3,Y
BASTIM NORTH,OR,5,5/29/15,12:25:13,455.15,Y
BASTIM NORTH,OR,5,5/29/15,12:25:43,482.44,Y
BASTIM NORTH,OR,5,5/29/15,12:26:13,424.96,Y
BASTIM NORTH,OR,5,5/29/15,12:26:43,476.56,Y
BASTIM NORTH,OR,5,5/29/15,12:27:13,444.76,Y
BASTIM NORTH,OR,5,5/29/15,12:27:43,471.88,Y
BASTIM NORTH,OR,5,5/29/15,12:28:13,461.21,Y
BASTIM NORTH,OR,5,5/29/15,12:28:43,475.57,Y
BASTIM NORTH,OR,5,5/29/15,12:29:13,482.17,Y
BASTIM NORTH,OR,5,5/29/15,12:29:43,510.02,Y
BASTIM NORTH,OR,5,5/29/15,12:30:13,492.96,Y
BASTIM NORTH,OR,5,5/29/15,12:30:43,511.75,Y
BASTIM NORTH,OR,5,5/29/15,12:31:13,483.43,Y
BASTIM NORTH,OR,5,5/29/15,12:31:43,498.82,Y
BASTIM NORTH,OR,5,5/29/15,12:32:13,526.98,Y
BASTIM NORTH,OR,5,5/29/15,12:32:43,489.5,Y
BASTIM NORTH,OR,5,5/29/15,12:33:13,513.96,Y
BASTIM NORTH,OR,5,5/29/15,12:33:43,524.11,Y
BASTIM NORTH,OR,5,5/29/15,12:34:13,538.44,Y
BASTIM NORTH,OR,5,5/29/15,12:34:43,527.55,Y
BASTIM NORTH,OR,5,5/29/15,12:35:13,529.09,Y
BASTIM NORTH,OR,5,5/29/15,12:35:43,543.77,Y
BASTIM NORTH,OR,5,5/29/15,12:36:13,514.02,Y
BASTIM NORTH,OR,5,5/29/15,12:36:43,494.38,Y
BASTIM NORTH,OR,5,5/29/15,12:37:13,519.45,Y
BASTIM NORTH,OR,5,5/29/15,12:37:43,536.94,Y
BASTIM NORTH,OR,5,5/29/15,12:38:13,525.01,Y
BASTIM NORTH,OR,5,5/29/15,12:38:43,529.02,Y
BASTIM NORTH,OR,5,5/29/15,12:39:13,511.61,Y
BASTIM NORTH,OR,5,5/29/15,12:39:43,517.31,Y
BASTIM NORTH,OR,5,5/29/15,12:40:13,530.7,Y
BASTIM NORTH,OR,5,5/29/15,12:40:43,531.98,Y
BASTIM NORTH,OR,5,5/29/15,12:41:13,537.84,Y
BASTIM NORTH,OR,5,5/29/15,12:41:43,547.19,Y
BASTIM NORTH,OR,5,5/29/15,12:42:13,555.03,Y
BASTIM NORTH,OR,5,5/29/15,12:42:43,561.43,Y
BASTIM NORTH,OR,5,5/29/15,12:43:13,529.17,Y
BASTIM NORTH,OR,5,5/29/15,12:43:43,541.57,Y
BASTIM NORTH,OR,5,5/29/15,12:44:13,594.47,Y
BASTIM NORTH,OR,5,5/29/15,12:44:43,589.38,Y
BASTIM NORTH,OR,5,5/29/15,12:45:13,629.12,Y
BASTIM NORTH,OR,5,5/29/15,12:45:43,622.23,Y
BASTIM NORTH,OR,5,5/29/15,12:46:13,594.6,Y
BASTIM NORTH,OR,5,5/29/15,12:46:43,568.31,Y
BASTIM NORTH,OR,5,5/29/15,12:47:13,636.58,Y
BASTIM SOUTH,OR,6,5/30/15,10:10:04,39.235,N
BASTIM SOUTH,OR,6,5/30/15,10:10:34,1279,N
BASTIM SOUTH,OR,6,5/30/15,10:11:04,90.778,N
BASTIM SOUTH,OR,6,5/30/15,10:11:34,868.96,N
BASTIM SOUTH,OR,6,5/30/15,10:12:04,965.1,N
BASTIM SOUTH,OR,6,5/30/15,10:12:34,985.1,N
BASTIM SOUTH,OR,6,5/30/15,10:13:04,952.78,N
BASTIM SOUTH,OR,6,5/30/15,10:13:34,909.58,N
BASTIM SOUTH,OR,6,5/30/15,10:14:04,948.38,N
BASTIM SOUTH,OR,6,5/30/15,10:14:34,761.38,N
BASTIM SOUTH,OR,6,5/30/15,10:15:04,667.32,N
BASTIM SOUTH,OR,6,5/30/15,10:15:34,848.79,N
BASTIM SOUTH,OR,6,5/30/15,10:16:04,857.15,N
BASTIM SOUTH,OR,6,5/30/15,10:16:34,874.99,N
BASTIM SOUTH,OR,6,5/30/15,10:17:04,632.15,N
BASTIM SOUTH,OR,6,5/30/15,10:17:34,761.08,N
BASTIM SOUTH,OR,6,5/30/15,10:18:04,522.92,N
BASTIM SOUTH,OR,6,5/30/15,10:18:34,438.78,N
BASTIM SOUTH,OR,6,5/30/15,10:19:04,484.06,N
BASTIM SOUTH,OR,6,5/30/15,10:19:34,462.17,N
BASTIM SOUTH,OR,6,5/30/15,10:20:04,508.45,N
BASTIM SOUTH,OR,6,5/30/15,10:20:34,515.73,N
BASTIM SOUTH,OR,6,5/30/15,10:21:04,558.63,N
BASTIM SOUTH,OR,6,5/30/15,10:21:34,71.357,N
BASTIM SOUTH,OR,6,5/30/15,10:22:04,514.79,N
BASTIM SOUTH,OR,6,5/30/15,10:22:34,515.15,N
BASTIM SOUTH,OR,6,5/30/15,10:23:04,11.746,N
BASTIM SOUTH,OR,6,5/30/15,10:23:34,522.25,N
BASTIM SOUTH,OR,6,5/30/15,10:24:04,29.12,N
BASTIM SOUTH,OR,6,5/30/15,10:24:34,43.497,N
BASTIM SOUTH,OR,6,5/30/15,10:25:04,457.64,N
BASTIM SOUTH,OR,6,5/30/15,10:25:34,444.72,N
BASTIM SOUTH,OR,6,5/30/15,10:26:04,523.16,N
BASTIM SOUTH,OR,6,5/30/15,10:26:34,500.7,N
BASTIM SOUTH,OR,6,5/30/15,10:27:04,515.54,N
BASTIM SOUTH,OR,6,5/30/15,10:27:34,567.7,N
BASTIM SOUTH,OR,6,5/30/15,10:28:04,517.5,N
BASTIM SOUTH,OR,6,5/30/15,10:28:34,552.78,N
BASTIM SOUTH,OR,6,5/30/15,10:29:04,661.25,N
BASTIM SOUTH,OR,6,5/30/15,10:29:34,547.8,N
BASTIM SOUTH,OR,6,5/30/15,10:30:04,536.2,N
BASTIM SOUTH,OR,6,5/30/15,10:30:34,261.05,N
BASTIM SOUTH,OR,6,5/30/15,10:31:04,394.65,N
BASTIM SOUTH,OR,6,5/30/15,10:31:34,491.33,N
BASTIM SOUTH,OR,6,5/30/15,10:32:04,514.77,N
BASTIM SOUTH,OR,6,5/30/15,10:32:34,514.22,N
BASTIM SOUTH,OR,6,5/30/15,10:33:04,480.41,N
BASTIM SOUTH,OR,6,5/30/15,10:33:34,562.76,N
BASTIM SOUTH,OR,6,5/30/15,10:34:04,589.01,N
BASTIM SOUTH,OR,6,5/30/15,10:34:34,425.09,N
BASTIM SOUTH,OR,6,5/30/15,10:35:04,414.9,N
BASTIM SOUTH,OR,6,5/30/15,10:35:34,515.21,N
BASTIM SOUTH,OR,6,5/30/15,10:36:04,697.39,N
BASTIM SOUTH,OR,6,5/30/15,10:36:34,510.96,N
BASTIM SOUTH,OR,6,5/30/15,10:37:04,490.16,N
BASTIM SOUTH,OR,6,5/30/15,10:37:34,555.12,N
BASTIM SOUTH,OR,6,5/30/15,10:38:04,538.76,N
BASTIM SOUTH,OR,6,5/30/15,10:38:34,571.8,N
BASTIM SOUTH,OR,6,5/30/15,10:39:04,529.56,N
BASTIM SOUTH,OR,6,5/30/15,10:39:34,558.7,N
BASTIM SOUTH,OR,6,5/30/15,10:40:04,503.35,N
BASTIM SOUTH,OR,6,5/30/15,10:40:34,494.2,N
BASTIM SOUTH,OR,6,5/30/15,10:41:04,393.79,N
BASTIM SOUTH,OR,6,5/30/15,10:41:34,571.8,N
BASTIM SOUTH,OR,6,5/30/15,10:42:04,551.14,N
BASTIM SOUTH,OR,6,5/30/15,10:42:34,519.96,N
BASTIM SOUTH,OR,6,5/30/15,10:43:04,757.1,N
BASTIM SOUTH,OR,6,5/30/15,10:43:34,571.8,N
BASTIM SOUTH,OR,6,5/30/15,10:44:04,532.9,N
BASTIM SOUTH,OR,6,5/30/15,10:44:34,659.07,N
BASTIM SOUTH,OR,6,5/30/15,10:45:04,549.22,N
BASTIM SOUTH,OR,6,5/30/15,10:45:34,532.76,N
BASTIM SOUTH,OR,6,5/30/15,10:46:04,604.07,N
BASTIM SOUTH,OR,6,5/30/15,10:46:34,571.8,N
BASTIM SOUTH,OR,6,5/30/15,10:47:04,525.95,N
BASTIM SOUTH,OR,6,5/30/15,10:47:34,633.36,N
BASTIM SOUTH,OR,6,5/30/15,10:48:04,560.26,N
BASTIM SOUTH,OR,6,5/30/15,10:48:34,660.56,N
BASTIM SOUTH,OR,6,5/30/15,10:49:04,638.03,N
BASTIM SOUTH,OR,6,5/30/15,10:49:34,581.92,N
BASTIM SOUTH,OR,6,5/30/15,10:50:04,588.51,Y
BASTIM SOUTH,OR,6,5/30/15,10:50:34,649.87,Y
BASTIM SOUTH,OR,6,5/30/15,10:51:04,571.8,Y
BASTIM SOUTH,OR,6,5/30/15,10:51:34,434.95,Y
BASTIM SOUTH,OR,6,5/30/15,10:52:04,632.76,Y
BASTIM SOUTH,OR,6,5/30/15,10:52:34,546.36,Y
BASTIM SOUTH,OR,6,5/30/15,10:53:04,539.12,Y
BASTIM SOUTH,OR,6,5/30/15,10:53:34,812.02,Y
BASTIM SOUTH,OR,6,5/30/15,10:54:04,753.63,Y
BASTIM SOUTH,OR,6,5/30/15,10:54:34,520.11,Y
BASTIM SOUTH,OR,6,5/30/15,10:55:04,610.38,Y
BASTIM SOUTH,OR,6,5/30/15,10:55:34,791.71,Y
BASTIM SOUTH,OR,6,5/30/15,10:56:04,659.61,Y
BASTIM SOUTH,OR,6,5/30/15,10:56:34,806.94,Y
BASTIM SOUTH,OR,6,5/30/15,10:57:04,629.95,Y
BASTIM SOUTH,OR,6,5/30/15,10:57:34,566.24,Y
BASTIM SOUTH,OR,6,5/30/15,10:58:04,609.97,Y
BASTIM SOUTH,OR,6,5/30/15,10:58:34,645.72,Y
BASTIM SOUTH,OR,6,5/30/15,10:59:04,543.41,Y
BASTIM SOUTH,OR,6,5/30/15,10:59:34,603.94,Y
BASTIM SOUTH,OR,6,5/30/15,11:00:04,654.81,Y
BASTIM SOUTH,OR,6,5/30/15,11:00:34,736.65,Y
BASTIM SOUTH,OR,6,5/30/15,11:01:04,794.13,N
BASTIM SOUTH,OR,6,5/30/15,11:01:34,568.1,N
BASTIM SOUTH,OR,6,5/30/15,11:02:04,530.79,N
BASTIM SOUTH,OR,6,5/30/15,11:02:34,664.79,N
BASTIM SOUTH,OR,6,5/30/15,11:03:04,571.8,N
BASTIM SOUTH,OR,6,5/30/15,11:03:34,653.8,N
BASTIM SOUTH,OR,6,5/30/15,11:04:04,567.11,N
BASTIM SOUTH,OR,6,5/30/15,11:04:34,426.66,N
BASTIM SOUTH,OR,6,5/30/15,11:05:04,571.8,N
BASTIM SOUTH,OR,6,5/30/15,11:05:34,571.8,N
BASTIM SOUTH,OR,6,5/30/15,11:06:04,531.82,N
BASTIM SOUTH,OR,6,5/30/15,11:06:34,392.27,N
BASTIM SOUTH,OR,6,5/30/15,11:07:04,504.51,N
BASTIM SOUTH,OR,6,5/30/15,11:07:34,535.28,N
BASTIM SOUTH,OR,6,5/30/15,11:08:04,565.36,N
BASTIM SOUTH,OR,6,5/30/15,11:08:34,562.96,N
BASTIM SOUTH,OR,6,5/30/15,11:09:04,571.8,N
BASTIM SOUTH,OR,6,5/30/15,11:09:34,503.18,N
BASTIM SOUTH,OR,6,5/30/15,11:10:04,517.25,N
BASTIM SOUTH,OR,6,5/30/15,11:10:34,603.25,N
BASTIM SOUTH,OR,6,5/30/15,11:11:04,571.8,N
BASTIM SOUTH,OR,6,5/30/15,11:11:34,571.8,N
BASTIM SOUTH,OR,6,5/30/15,11:12:04,685.23,N
BASTIM SOUTH,OR,6,5/30/15,11:12:34,801.95,N
BASTIM SOUTH,OR,6,5/30/15,11:13:04,543.67,N
BASTIM SOUTH,OR,6,5/30/15,11:13:34,633.34,N
BASTIM SOUTH,OR,6,5/30/15,11:14:04,842.85,N
BASTIM SOUTH,OR,6,5/30/15,11:14:34,571.8,N
BASTIM SOUTH,OR,6,5/30/15,11:15:04,588.32,N
BASTIM SOUTH,OR,6,5/30/15,11:15:34,540.34,N
BASTIM SOUTH,OR,6,5/30/15,11:16:04,571.8,N
BASTIM SOUTH,OR,6,5/30/15,11:16:34,557.19,N
BASTIM SOUTH,OR,6,5/30/15,11:17:04,722.3,N
BASTIM SOUTH,OR,6,5/30/15,11:17:34,526.36,N
BASTIM SOUTH,OR,6,5/30/15,11:18:04,571.8,N
BASTIM SOUTH,OR,6,5/30/15,11:18:34,527.1,N
BASTIM SOUTH,OR,6,5/30/15,11:19:04,858.08,N
BASTIM SOUTH,OR,6,5/30/15,11:19:34,605.06,N
BASTIM SOUTH,OR,6,5/30/15,11:20:04,528.16,N
BASTIM SOUTH,OR,6,5/30/15,11:20:34,515.24,N
BASTIM SOUTH,OR,6,5/30/15,11:21:04,608.69,N
BASTIM SOUTH,OR,6,5/30/15,11:21:34,1025.5,N
BASTIM SOUTH,OR,6,5/30/15,11:22:04,692.01,N
BASTIM SOUTH,OR,6,5/30/15,11:22:34,876.07,N
BASTIM SOUTH,OR,6,5/30/15,11:23:04,1120.7,N
BASTIM SOUTH,OR,6,5/30/15,11:23:34,901.71,N
BASTIM SOUTH,OR,6,5/30/15,11:24:04,245.7,N
BASTIM SOUTH,OR,6,5/30/15,11:24:34,80.426,N
BASTIM SOUTH,OR,6,5/30/15,11:25:04,107.13,N
BASTIM SOUTH,OR,6,5/30/15,11:25:34,1444.3,N
BASTIM SOUTH,OR,6,5/30/15,11:26:04,1288.7,N
BASTIM SOUTH,OR,6,5/30/15,11:26:34,1154.1,N
BASTIM SOUTH,OR,6,5/30/15,11:27:04,1183.8,N
BASTIM SOUTH,OR,6,5/30/15,11:27:34,1244.6,N
BASTIM SOUTH,OR,6,5/30/15,11:28:04,935.89,N
BASTIM SOUTH,OR,6,5/30/15,11:28:34,1378.3,N
BASTIM SOUTH,OR,6,5/30/15,11:29:04,972.29,N
BASTIM SOUTH,OR,6,5/30/15,11:29:34,1384.5,N
BASTIM SOUTH,OR,6,5/30/15,11:30:04,963.52,N
BASTIM SOUTH,OR,6,5/30/15,11:30:34,905.6,N
BASTIM SOUTH,OR,6,5/30/15,11:31:04,1281,N
BASTIM SOUTH,OR,6,5/30/15,11:31:34,992.38,N
BASTIM SOUTH,OR,6,5/30/15,11:32:04,952.26,N
BASTIM SOUTH,OR,6,5/30/15,11:32:34,1039.1,N
BASTIM SOUTH,OR,6,5/30/15,11:33:04,1166.3,N
BASTIM SOUTH,OR,6,5/30/15,11:33:34,15.503,N
BASTIM SOUTH,OR,6,5/30/15,11:34:04,13.502,N
BASTIM SOUTH,OR,6,5/30/15,11:34:34,11.461,N
BASTIM SOUTH,OR,6,5/30/15,11:35:04,10.124,N
BASTIM SOUTH,OR,6,5/30/15,11:35:34,8.9705,N
BASTIM SOUTH,OR,6,5/30/15,11:36:04,8.392,N
BASTIM SOUTH,OR,6,5/30/15,11:36:34,4.4157,N
BASTIM SOUTH,OR,6,5/30/15,11:37:04,5.2563,N
BASTIM SOUTH,OR,6,5/30/15,11:37:34,6.2016,N
BASTIM SOUTH,OR,6,5/30/15,11:38:04,842.46,N
BASTIM SOUTH,OR,6,5/30/15,11:38:34,2151.6,N
BASTIM SOUTH,OR,6,5/30/15,11:39:04,1156.6,N
BASTIM SOUTH,OR,6,5/30/15,11:39:34,1322.8,N
BASTIM SOUTH,OR,6,5/30/15,11:40:04,1479.9,N
BASTIM SOUTH,OR,6,5/30/15,11:40:34,1210.4,N
BASTIM SOUTH,OR,6,5/30/15,11:41:04,571.8,N
BASTIM SOUTH,OR,6,5/30/15,11:41:34,1409.9,N
BASTIM SOUTH,OR,6,5/30/15,11:42:04,1365.1,N
BASTIM SOUTH,OR,6,5/30/15,11:42:34,1240.2,N
BASTIM SOUTH,OR,6,5/30/15,11:43:04,1129.1,N
BASTIM SOUTH,OR,6,5/30/15,11:43:34,1136.6,N
BASTIM SOUTH,OR,6,5/30/15,11:44:04,1139.8,N
BASTIM SOUTH,OR,6,5/30/15,11:44:34,323.23,N
BASTIM SOUTH,OR,6,5/30/15,11:45:04,1218.4,N
BASTIM SOUTH,OR,6,5/30/15,11:45:34,571.8,N
BASTIM SOUTH,OR,6,5/30/15,11:46:04,1815.7,N
BASTIM SOUTH,OR,6,5/30/15,11:46:34,51.358,N
BASTIM SOUTH,OR,6,5/30/15,11:47:04,43.392,N
BASTIM SOUTH,OR,6,5/30/15,11:47:34,43.49,N
BASTIM SOUTH,OR,6,5/30/15,11:48:04,44.284,N
BASTIM SOUTH,OR,6,5/30/15,11:48:34,43.257,N
BASTIM SOUTH,OR,6,5/30/15,11:49:04,44.185,N
BASTIM SOUTH,OR,6,5/30/15,11:49:34,48.926,N
BASTIM SOUTH,OR,6,5/30/15,11:50:04,49.54,N
BASTIM SOUTH,OR,6,5/30/15,11:50:34,1386.3,N
BASTIM SOUTH,OR,6,5/30/15,11:51:04,1402.2,N
BASTIM SOUTH,OR,6,5/30/15,11:51:34,890.22,N
BASTIM SOUTH,OR,6,5/30/15,11:52:04,1218.5,N
BASTIM SOUTH,OR,6,5/30/15,11:52:34,1271.3,N
BASTIM SOUTH,OR,6,5/30/15,11:53:04,1095.4,N
BASTIM SOUTH,OR,6,5/30/15,11:53:34,1042.6,N
BASTIM SOUTH,OR,6,5/30/15,11:54:04,1327.5,N
BASTIM SOUTH,OR,6,5/30/15,11:54:34,70.575,N
BASTIM SOUTH,OR,6,5/30/15,11:55:04,71.64,N
BASTIM SOUTH,OR,6,5/30/15,11:55:34,69.918,N
BASTIM SOUTH,OR,6,5/30/15,11:56:04,75.833,N
BASTIM SOUTH,OR,6,5/30/15,11:56:34,76.362,N
BASTIM SOUTH,OR,6,5/30/15,11:57:04,82.638,N
BASTIM SOUTH,OR,6,5/30/15,11:57:34,1134.4,N
BASTIM SOUTH,OR,6,5/30/15,11:58:04,1070.4,N
BASTIM SOUTH,OR,6,5/30/15,11:58:34,845.07,N
BASTIM SOUTH,OR,6,5/30/15,11:59:04,1105.2,N
BASTIM SOUTH,OR,6,5/30/15,11:59:34,985.47,N
BASTIM SOUTH,OR,6,5/30/15,12:00:04,1191.9,N
BASTIM SOUTH,OR,6,5/30/15,12:00:34,1041.5,N
BASTIM SOUTH,OR,6,5/30/15,12:01:04,882.79,N
BASTIM SOUTH,OR,6,5/30/15,12:01:34,832.65,N
BASTIM SOUTH,OR,6,5/30/15,12:02:04,1211.3,N
BASTIM SOUTH,OR,6,5/30/15,12:02:34,1091.4,N
BASTIM SOUTH,OR,6,5/30/15,12:03:04,414.17,N
BASTIM SOUTH,OR,6,5/30/15,12:03:34,520.49,N
BASTIM SOUTH,OR,6,5/30/15,12:04:04,1195.7,N
BASTIM SOUTH,OR,6,5/30/15,12:04:34,1256.1,N
BASTIM SOUTH,OR,6,5/30/15,12:05:04,1148.1,N
BASTIM SOUTH,OR,6,5/30/15,12:05:34,1604.2,N
BASTIM SOUTH,OR,6,5/30/15,12:06:04,1074.4,N
BASTIM SOUTH,OR,6,5/30/15,12:06:34,1211.9,N
BASTIM SOUTH,OR,6,5/30/15,12:07:04,1390,N
BASTIM SOUTH,OR,6,5/30/15,12:07:34,1387.6,N
BASTIM SOUTH,OR,6,5/30/15,12:08:04,1726.5,N
BASTIM SOUTH,OR,6,5/30/15,12:08:34,1438.2,N
BASTIM SOUTH,OR,6,5/30/15,12:09:04,1581.9,N
BASTIM SOUTH,OR,6,5/30/15,12:09:34,967.52,N
BASTIM SOUTH,OR,6,5/30/15,12:10:04,1349.7,N
BASTIM SOUTH,OR,6,5/30/15,12:10:34,1338.5,N
BASTIM SOUTH,OR,6,5/30/15,12:11:04,1660.1,N
BASTIM SOUTH,OR,6,5/30/15,12:11:34,1431,N
BASTIM SOUTH,OR,6,5/30/15,12:12:04,1818.5,N
BASTIM SOUTH,OR,6,5/30/15,12:12:34,1303.3,N
BASTIM SOUTH,OR,6,5/30/15,12:13:04,1765.6,N
BASTIM SOUTH,OR,6,5/30/15,12:13:34,1227.6,N
BASTIM SOUTH,OR,6,5/30/15,12:14:04,1161,N
BASTIM SOUTH,OR,6,5/30/15,12:14:34,1086.2,N
BASTIM SOUTH,OR,6,5/30/15,12:15:04,1026.7,N
BASTIM SOUTH,OR,6,5/30/15,12:15:34,1043.3,N
BASTIM SOUTH,OR,6,5/30/15,12:16:04,1262.7,N
BASTIM SOUTH,OR,6,5/30/15,12:16:34,1176.8,N
BASTIM SOUTH,OR,6,5/30/15,12:17:04,1107.4,N
BASTIM SOUTH,OR,6,5/30/15,12:17:34,1430.6,N
BASTIM SOUTH,OR,6,5/30/15,12:18:04,986.7,N
BASTIM SOUTH,OR,6,5/30/15,12:18:34,1312.1,N
BASTIM SOUTH,OR,6,5/30/15,12:19:04,1368.6,N
BASTIM SOUTH,OR,6,5/30/15,12:19:34,997.41,N
BASTIM SOUTH,OR,6,5/30/15,12:20:04,1098,N
BASTIM SOUTH,OR,6,5/30/15,12:20:34,1302.5,N
BASTIM SOUTH,OR,6,5/30/15,12:21:04,1311.8,N
BASTIM SOUTH,OR,6,5/30/15,12:21:34,1485.2,N
BASTIM SOUTH,OR,6,5/30/15,12:22:04,1683.2,N
BASTIM SOUTH,OR,6,5/30/15,12:22:34,1112.1,N
BASTIM SOUTH,OR,6,5/30/15,12:23:04,1382.8,N
BASTIM SOUTH,OR,6,5/30/15,12:23:34,2054,N
BASTIM SOUTH,OR,6,5/30/15,12:24:04,1796.1,N
BASTIM SOUTH,OR,6,5/30/15,12:24:34,1819.1,N
BASTIM SOUTH,OR,6,5/30/15,12:25:04,1435.8,N
BASTIM SOUTH,OR,6,5/30/15,12:25:34,1270.8,N
BASTIM SOUTH,OR,6,5/30/15,12:26:04,654.14,N
BASTIM SOUTH,OR,6,5/30/15,12:26:34,500.87,N
BASTIM SOUTH,OR,6,5/30/15,12:27:04,510.08,N
BASTIM SOUTH,OR,6,5/30/15,12:27:34,485.71,N
BASTIM SOUTH,OR,6,5/30/15,12:28:04,549.19,N
BASTIM SOUTH,OR,6,5/30/15,12:28:34,674.64,N
BASTIM SOUTH,OR,6,5/30/15,12:29:04,1100.8,N
BASTIM SOUTH,OR,6,5/30/15,12:29:34,803.23,N
BASTIM SOUTH,OR,6,5/30/15,12:30:04,1399.3,N
BASTIM SOUTH,OR,6,5/30/15,12:30:34,1375.4,N
BASTIM SOUTH,OR,6,5/30/15,12:31:04,1673.9,N
BASTIM SOUTH,OR,6,5/30/15,12:31:34,1262.1,N
BASTIM SOUTH,OR,6,5/30/15,12:32:04,1227.3,N
BASTIM SOUTH,OR,6,5/30/15,12:32:34,1242.7,N
BASTIM SOUTH,OR,6,5/30/15,12:33:04,1601,N
BASTIM SOUTH,OR,6,5/30/15,12:33:34,1278.4,N
BASTIM SOUTH,OR,6,5/30/15,12:34:04,139.83,N
BASTIM SOUTH,OR,6,5/30/15,12:34:34,57.179,N
BASTIM SOUTH,OR,6,5/30/15,12:35:04,47.503,N
BASTIM SOUTH,OR,6,5/30/15,12:35:34,31.349,N
BASTIM SOUTH,OR,6,5/30/15,12:36:04,25.241,N
BASTIM SOUTH,OR,6,5/30/15,12:36:34,1637,N
BASTIM SOUTH,OR,6,5/30/15,12:37:04,113.02,N
BASTIM SOUTH,OR,6,5/30/15,12:37:34,44.609,N
BASTIM SOUTH,OR,6,5/30/15,12:38:04,402.05,N
BASTIM SOUTH,OR,6,5/30/15,12:38:34,376.76,N
BASTIM SOUTH,OR,6,5/30/15,12:39:04,327.88,N
BASTIM SOUTH,OR,6,5/30/15,12:39:34,309.78,N
BASTIM SOUTH,OR,6,5/30/15,12:40:04,273.6,N
BASTIM SOUTH,OR,6,5/30/15,12:40:34,254.44,N
BASTIM SOUTH,OR,6,5/30/15,12:41:04,249.9,N
BASTIM SOUTH,OR,6,5/30/15,12:41:34,253.17,N
BASTIM SOUTH,OR,6,5/30/15,12:42:04,237.88,N
BASTIM SOUTH,OR,6,5/30/15,12:42:34,225.55,N
BASTIM SOUTH,OR,6,5/30/15,12:43:04,230.47,N
BASTIM SOUTH,OR,6,5/30/15,12:43:34,218.45,N
BASTIM SOUTH,OR,6,5/30/15,12:44:04,212.84,N
BASTIM SOUTH,OR,6,5/30/15,12:44:34,212.19,N
BASTIM SOUTH,OR,6,5/30/15,12:45:04,214.9,N
BASTIM SOUTH,OR,6,5/30/15,12:45:34,214.97,N
BASTIM SOUTH,OR,6,5/30/15,12:46:04,211.67,N
BASTIM SOUTH,OR,6,5/30/15,12:46:34,128.9,N
BASTIM SOUTH,OR,6,5/30/15,13:08:19,1469.5,N
BASTIM SOUTH,OR,6,5/30/15,13:08:49,1439.5,N
BASTIM SOUTH,OR,6,5/30/15,13:09:19,983.29,N
BASTIM SOUTH,OR,6,5/30/15,13:09:49,1612.1,N
BASTIM SOUTH,OR,6,5/30/15,13:10:19,1301.3,N
BASTIM SOUTH,OR,6,5/30/15,13:10:49,1658.8,N
BASTIM SOUTH,OR,6,5/30/15,13:11:19,1721.4,N
BASTIM SOUTH,OR,6,5/30/15,13:11:49,1233.1,N
BASTIM SOUTH,OR,6,5/30/15,13:12:19,1176.4,N
BASTIM SOUTH,OR,6,5/30/15,13:12:49,1094.4,N
BASTIM SOUTH,OR,6,5/30/15,13:13:19,1517.1,N
BASTIM SOUTH,OR,6,5/30/15,13:13:49,1784,N
BASTIM SOUTH,OR,6,5/30/15,13:14:19,1243.2,N
BASTIM SOUTH,OR,6,5/30/15,13:14:49,1645.6,N
BASTIM SOUTH,OR,6,5/30/15,13:15:19,923.15,N
BASTIM SOUTH,OR,6,5/30/15,13:15:49,1343.8,N
BASTIM SOUTH,OR,6,5/30/15,13:16:19,1667.7,N
BASTIM SOUTH,OR,6,5/30/15,13:16:49,1293.3,N
BASTIM SOUTH,OR,6,5/30/15,13:17:19,1108.1,N
BASTIM SOUTH,OR,6,5/30/15,13:17:49,1350.5,N
BASTIM SOUTH,OR,6,5/30/15,13:18:19,1320.9,N
BASTIM SOUTH,OR,6,5/30/15,13:18:49,1337,N
BASTIM SOUTH,OR,6,5/30/15,13:19:19,1087.5,N
BASTIM SOUTH,OR,6,5/30/15,13:19:49,1345.9,N
BASTIM SOUTH,OR,6,5/30/15,13:20:19,938.92,N
BASTIM SOUTH,OR,6,5/30/15,13:20:49,1210.9,N
BASTIM SOUTH,OR,6,5/30/15,13:21:19,1245.8,N
BASTIM SOUTH,OR,6,5/30/15,13:21:49,1362,N
BASTIM SOUTH,OR,6,5/30/15,13:22:19,851.21,N
BASTIM SOUTH,OR,6,5/30/15,13:22:49,918,N
BASTIM SOUTH,OR,6,5/30/15,13:23:19,799.06,N
BASTIM SOUTH,OR,6,5/30/15,13:23:49,1646.3,N
BASTIM SOUTH,OR,6,5/30/15,13:24:19,1026.3,N
BASTIM SOUTH,OR,6,5/30/15,13:24:49,1653,N
BASTIM SOUTH,OR,6,5/30/15,13:25:19,1115.2,N
BASTIM SOUTH,OR,6,5/30/15,13:25:49,1529.5,N
BASTIM SOUTH,OR,6,5/30/15,13:26:19,821.5,N
BASTIM SOUTH,OR,6,5/30/15,13:26:49,1476.5,N
BASTIM SOUTH,OR,6,5/30/15,13:27:19,1082.3,N
BASTIM SOUTH,OR,6,5/30/15,13:27:49,1354.8,N
BASTIM SOUTH,OR,6,5/30/15,13:28:19,981.15,N
BASTIM SOUTH,OR,6,5/30/15,13:28:49,993.33,N
BASTIM SOUTH,OR,6,5/30/15,13:29:19,950.37,N
BASTIM SOUTH,OR,6,5/30/15,13:29:49,1146.6,N
BASTIM SOUTH,OR,6,5/30/15,13:30:19,936.5,N
BASTIM SOUTH,OR,6,5/30/15,13:30:49,1069.9,N
BASTIM SOUTH,OR,6,5/30/15,13:31:19,1301.7,N
BASTIM SOUTH,OR,6,5/30/15,13:31:49,1414.8,N
BASTIM SOUTH,OR,6,5/30/15,13:32:19,1270.4,N
BASTIM SOUTH,OR,6,5/30/15,13:32:49,1122.8,N
BASTIM SOUTH,OR,6,5/30/15,13:33:19,968.84,N
BASTIM SOUTH,OR,6,5/30/15,13:33:49,1355.6,N
BASTIM SOUTH,OR,6,5/30/15,13:34:19,1239.7,N
BASTIM SOUTH,OR,6,5/30/15,13:34:49,1454.4,N
BASTIM SOUTH,OR,6,5/30/15,13:35:19,812.08,N
BASTIM SOUTH,OR,6,5/30/15,13:35:49,1001.5,N
BASTIM SOUTH,OR,6,5/30/15,13:36:19,1119,N
BASTIM SOUTH,OR,6,5/30/15,13:36:49,785.73,N
BASTIM SOUTH,OR,6,5/30/15,13:37:19,1485.4,N
BASTIM SOUTH,OR,6,5/30/15,13:37:49,1072,N
BASTIM SOUTH,OR,6,5/30/15,13:38:19,1440.9,N
BASTIM SOUTH,OR,6,5/30/15,13:38:49,1299.6,N
BASTIM SOUTH,OR,6,5/30/15,13:39:19,1253.6,N
BASTIM SOUTH,OR,6,5/30/15,13:39:49,1070,N
BASTIM SOUTH,OR,6,5/30/15,13:40:19,1177,N
BASTIM SOUTH,OR,6,5/30/15,13:40:49,1052.7,N
BASTIM SOUTH,OR,6,5/30/15,13:41:19,1223.8,N
BASTIM SOUTH,OR,6,5/30/15,13:41:49,1436.8,N
BASTIM SOUTH,OR,6,5/30/15,13:42:19,1447,N
BASTIM SOUTH,OR,6,5/30/15,13:42:49,1643,N
BASTIM SOUTH,OR,6,5/30/15,13:43:19,1310.2,N
BASTIM SOUTH,OR,6,5/30/15,13:43:49,1432.3,N
BASTIM SOUTH,OR,6,5/30/15,13:44:19,987.85,N
BASTIM SOUTH,OR,6,5/30/15,13:44:49,1612.1,N
BASTIM SOUTH,OR,6,5/30/15,13:45:19,829.17,N
BASTIM SOUTH,OR,6,5/30/15,13:45:49,1150.7,N
BASTIM SOUTH,OR,6,5/30/15,13:46:19,1386.1,N
BASTIM SOUTH,OR,6,5/30/15,13:46:49,1533.8,N
BASTIM SOUTH,OR,6,5/30/15,13:47:19,1150.6,N
BASTIM SOUTH,OR,6,5/30/15,13:47:49,1341.2,N
BASTIM SOUTH,OR,6,5/30/15,13:48:19,664.41,N
BASTIM SOUTH,OR,6,5/30/15,13:48:49,1016.6,N
BASTIM SOUTH,OR,6,5/30/15,13:49:19,1254.3,N
BASTIM SOUTH,OR,6,5/30/15,13:49:49,1672.9,N
BASTIM SOUTH,OR,6,5/30/15,13:50:19,978.25,N
BASTIM SOUTH,OR,6,5/30/15,13:50:49,1447.1,N
BASTIM SOUTH,OR,6,5/30/15,13:51:19,1359.2,N
BASTIM SOUTH,OR,6,5/30/15,13:51:49,941.7,N
BASTIM SOUTH,OR,6,5/30/15,13:52:19,1245.6,N
BASTIM SOUTH,OR,6,5/30/15,13:52:49,1194.8,N
BASTIM SOUTH,OR,6,5/30/15,13:53:19,1863.6,N
BASTIM SOUTH,OR,6,5/30/15,13:53:49,1274.6,N
BASTIM SOUTH,OR,6,5/30/15,13:54:19,1260.6,N
BASTIM SOUTH,OR,6,5/30/15,13:54:49,2309,N
BASTIM SOUTH,OR,6,5/30/15,13:55:19,571.86,N
BASTIM SOUTH,OR,6,5/30/15,13:55:49,571.86,N
BASTIM SOUTH,OR,6,5/30/15,13:56:19,848.29,N
BASTIM SOUTH,OR,6,5/30/15,13:56:49,923.21,N
BASTIM SOUTH,OR,6,5/30/15,13:57:19,1255.9,N
BASTIM SOUTH,OR,6,5/30/15,13:57:49,1383.9,N
BASTIM SOUTH,OR,6,5/30/15,13:58:19,1157.2,N
BASTIM SOUTH,OR,6,5/30/15,13:58:49,1510.6,N
BASTIM SOUTH,OR,6,5/30/15,13:59:19,979.25,N
BASTIM SOUTH,OR,6,5/30/15,13:59:49,571.86,N
BASTIM SOUTH,OR,6,5/30/15,14:00:19,1163.2,N
BASTIM SOUTH,OR,6,5/30/15,14:00:49,571.86,N
BASTIM SOUTH,OR,6,5/30/15,14:01:19,1389.4,N
BASTIM SOUTH,OR,6,5/30/15,14:01:49,1223.1,N
BASTIM SOUTH,OR,6,5/30/15,14:02:19,571.86,N
BASTIM SOUTH,OR,6,5/30/15,14:02:49,1311.5,N
BASTIM SOUTH,OR,6,5/30/15,14:03:19,837.19,N
BASTIM SOUTH,OR,6,5/30/15,14:03:49,1049,N
BASTIM SOUTH,OR,6,5/30/15,14:04:19,1117.8,N
BASTIM SOUTH,OR,6,5/30/15,14:04:49,1691.8,N
BASTIM SOUTH,OR,6,5/30/15,14:05:19,1012,N
BASTIM SOUTH,OR,6,5/30/15,14:05:49,1093.1,N
BASTIM SOUTH,OR,6,5/30/15,14:06:19,1251.8,N
BASTIM SOUTH,OR,6,5/30/15,14:06:49,1213.7,N
BASTIM SOUTH,OR,6,5/30/15,14:07:19,1727,N
BASTIM SOUTH,OR,6,5/30/15,14:07:49,870.3,N
BASTIM SOUTH,OR,6,5/30/15,14:08:19,1174.6,N
BASTIM SOUTH,OR,6,5/30/15,14:08:49,571.86,N
BASTIM SOUTH,OR,6,5/30/15,14:09:19,1243.9,N
BASTIM SOUTH,OR,6,5/30/15,14:09:49,1304.4,N
BASTIM SOUTH,OR,6,5/30/15,14:10:19,1236.5,N
BASTIM SOUTH,OR,6,5/30/15,14:10:49,1163.7,N
BASTIM SOUTH,OR,6,5/30/15,14:11:19,1160.9,N
BASTIM SOUTH,OR,6,5/30/15,14:11:49,1130,N
BASTIM SOUTH,OR,6,5/30/15,14:12:19,879.18,N
BASTIM SOUTH,OR,6,5/30/15,14:12:49,840.54,N
BASTIM SOUTH,OR,6,5/30/15,14:13:19,1443.5,N
BASTIM SOUTH,OR,6,5/30/15,14:13:49,849.95,N
BASTIM SOUTH,OR,6,5/30/15,14:14:19,913.32,N
BASTIM SOUTH,OR,6,5/30/15,14:14:49,1059.1,N
BASTIM SOUTH,OR,6,5/30/15,14:15:19,1276.5,N
BASTIM SOUTH,OR,6,5/30/15,14:15:49,1416,N
BASTIM SOUTH,OR,6,5/30/15,14:16:19,1156.5,N
BASTIM SOUTH,OR,6,5/30/15,14:16:49,1172.1,N
BASTIM SOUTH,OR,6,5/30/15,14:17:19,817.27,N
BASTIM SOUTH,OR,6,5/30/15,14:17:49,1093.2,N
BASTIM SOUTH,OR,6,5/30/15,14:18:19,1072.9,N
BASTIM SOUTH,OR,6,5/30/15,14:18:49,1107.7,N
BASTIM SOUTH,OR,6,5/30/15,14:19:19,950.26,N
BASTIM SOUTH,OR,6,5/30/15,14:19:49,721.63,N
BASTIM SOUTH,OR,6,5/30/15,14:20:19,1198.4,N
BASTIM SOUTH,OR,6,5/30/15,14:20:49,1144.1,N
BASTIM SOUTH,OR,6,5/30/15,14:21:19,1473,N
BASTIM SOUTH,OR,6,5/30/15,14:21:49,916.04,N
BASTIM SOUTH,OR,6,5/30/15,14:22:19,814.59,N
BASTIM SOUTH,OR,6,5/30/15,14:22:49,721.74,N
BASTIM SOUTH,OR,6,5/30/15,14:23:19,1350.6,N
BASTIM SOUTH,OR,6,5/30/15,14:23:49,1098.3,N
BASTIM SOUTH,OR,6,5/30/15,14:24:19,802.77,N
BASTIM SOUTH,OR,6,5/30/15,14:24:49,980.09,N
BASTIM SOUTH,OR,6,5/30/15,14:25:19,753.17,N
BASTIM SOUTH,OR,6,5/30/15,14:25:49,832.09,N
BASTIM SOUTH,OR,6,5/30/15,14:26:19,1118.4,N
BASTIM SOUTH,OR,6,5/30/15,14:26:49,1102.4,N
BASTIM SOUTH,OR,6,5/30/15,14:27:19,1214.5,N
BASTIM SOUTH,OR,6,5/30/15,14:27:49,880.78,N
BASTIM SOUTH,OR,6,5/30/15,14:28:19,879.96,N
BASTIM SOUTH,OR,6,5/30/15,14:28:49,821.98,N
BASTIM SOUTH,OR,6,5/30/15,14:29:19,867.5,N
BASTIM SOUTH,OR,6,5/30/15,14:29:49,1242.8,N
BASTIM SOUTH,OR,6,5/30/15,14:30:19,1210.9,N
BASTIM SOUTH,OR,6,5/30/15,14:30:49,793.85,N
BASTIM SOUTH,OR,6,5/30/15,14:31:19,1107.7,N
BASTIM SOUTH,OR,6,5/30/15,14:31:49,1053.3,N
BASTIM SOUTH,OR,6,5/30/15,14:32:19,790.68,N
BASTIM SOUTH,OR,6,5/30/15,14:32:49,801.69,N
BASTIM SOUTH,OR,6,5/30/15,14:33:19,1124.5,N
BASTIM SOUTH,OR,6,5/30/15,14:33:49,1121.8,N
BASTIM SOUTH,OR,6,5/30/15,14:34:19,660.09,N
BASTIM SOUTH,OR,6,5/30/15,14:34:49,1245.4,N
BASTIM SOUTH,OR,6,5/30/15,14:35:19,865.81,N
BASTIM SOUTH,OR,6,5/30/15,14:35:49,832.63,N
BASTIM SOUTH,OR,6,5/30/15,14:36:19,1175.6,N
BASTIM SOUTH,OR,6,5/30/15,14:36:49,936.58,N
BASTIM SOUTH,OR,6,5/30/15,14:37:19,861.66,N
BASTIM SOUTH,OR,6,5/30/15,14:37:49,820.73,N
BASTIM SOUTH,OR,10,5/30/15,13:08:19,1469.5,N
BASTIM SOUTH,OR,10,5/30/15,13:08:49,1439.5,N
BASTIM SOUTH,OR,10,5/30/15,13:09:19,983.29,N
BASTIM SOUTH,OR,10,5/30/15,13:09:49,1612.1,N
BASTIM SOUTH,OR,10,5/30/15,13:10:19,1301.3,N
BASTIM SOUTH,OR,10,5/30/15,13:10:49,1658.8,N
BASTIM SOUTH,OR,10,5/30/15,13:11:19,1721.4,N
BASTIM SOUTH,OR,10,5/30/15,13:11:49,1233.1,N
BASTIM SOUTH,OR,10,5/30/15,13:12:19,1176.4,N
BASTIM SOUTH,OR,10,5/30/15,13:12:49,1094.4,N
BASTIM SOUTH,OR,10,5/30/15,13:13:19,1517.1,N
BASTIM SOUTH,OR,10,5/30/15,13:13:49,1784,N
BASTIM SOUTH,OR,10,5/30/15,13:14:19,1243.2,N
BASTIM SOUTH,OR,10,5/30/15,13:14:49,1645.6,N
BASTIM SOUTH,OR,10,5/30/15,13:15:19,923.15,N
BASTIM SOUTH,OR,10,5/30/15,13:15:49,1343.8,N
BASTIM SOUTH,OR,10,5/30/15,13:16:19,1667.7,N
BASTIM SOUTH,OR,10,5/30/15,13:16:49,1293.3,N
BASTIM SOUTH,OR,10,5/30/15,13:17:19,1108.1,N
BASTIM SOUTH,OR,10,5/30/15,13:17:49,1350.5,N
BASTIM SOUTH,OR,10,5/30/15,13:18:19,1320.9,N
BASTIM SOUTH,OR,10,5/30/15,13:18:49,1337,N
BASTIM SOUTH,OR,10,5/30/15,13:19:19,1087.5,N
BASTIM SOUTH,OR,10,5/30/15,13:19:49,1345.9,N
BASTIM SOUTH,OR,10,5/30/15,13:20:19,938.92,N
BASTIM SOUTH,OR,10,5/30/15,13:20:49,1210.9,N
BASTIM SOUTH,OR,10,5/30/15,13:21:19,1245.8,N
BASTIM SOUTH,OR,10,5/30/15,13:21:49,1362,N
BASTIM SOUTH,OR,10,5/30/15,13:22:19,851.21,N
BASTIM SOUTH,OR,10,5/30/15,13:22:49,918,N
BASTIM SOUTH,OR,10,5/30/15,13:23:19,799.06,N
BASTIM SOUTH,OR,10,5/30/15,13:23:49,1646.3,N
BASTIM SOUTH,OR,10,5/30/15,13:24:19,1026.3,N
BASTIM SOUTH,OR,10,5/30/15,13:24:49,1653,N
BASTIM SOUTH,OR,10,5/30/15,13:25:19,1115.2,N
BASTIM SOUTH,OR,10,5/30/15,13:25:49,1529.5,N
BASTIM SOUTH,OR,10,5/30/15,13:26:19,821.5,N
BASTIM SOUTH,OR,10,5/30/15,13:26:49,1476.5,N
BASTIM SOUTH,OR,10,5/30/15,13:27:19,1082.3,N
BASTIM SOUTH,OR,10,5/30/15,13:27:49,1354.8,N
BASTIM SOUTH,OR,10,5/30/15,13:28:19,981.15,N
BASTIM SOUTH,OR,10,5/30/15,13:28:49,993.33,N
BASTIM SOUTH,OR,10,5/30/15,13:29:19,950.37,N
BASTIM SOUTH,OR,10,5/30/15,13:29:49,1146.6,N
BASTIM SOUTH,OR,10,5/30/15,13:30:19,936.5,N
BASTIM SOUTH,OR,10,5/30/15,13:30:49,1069.9,N
BASTIM SOUTH,OR,10,5/30/15,13:31:19,1301.7,N
BASTIM SOUTH,OR,10,5/30/15,13:31:49,1414.8,N
BASTIM SOUTH,OR,10,5/30/15,13:32:19,1270.4,N
BASTIM SOUTH,OR,10,5/30/15,13:32:49,1122.8,N
BASTIM SOUTH,OR,10,5/30/15,13:33:19,968.84,N
BASTIM SOUTH,OR,10,5/30/15,13:33:49,1355.6,N
BASTIM SOUTH,OR,10,5/30/15,13:34:19,1239.7,N
BASTIM SOUTH,OR,10,5/30/15,13:34:49,1454.4,N
BASTIM SOUTH,OR,10,5/30/15,13:35:19,812.08,N
BASTIM SOUTH,OR,10,5/30/15,13:35:49,1001.5,N
BASTIM SOUTH,OR,10,5/30/15,13:36:19,1119,N
BASTIM SOUTH,OR,10,5/30/15,13:36:49,785.73,N
BASTIM SOUTH,OR,10,5/30/15,13:37:19,1485.4,N
BASTIM SOUTH,OR,10,5/30/15,13:37:49,1072,N
BASTIM SOUTH,OR,10,5/30/15,13:38:19,1440.9,N
BASTIM SOUTH,OR,10,5/30/15,13:38:49,1299.6,N
BASTIM SOUTH,OR,10,5/30/15,13:39:19,1253.6,N
BASTIM SOUTH,OR,10,5/30/15,13:39:49,1070,N
BASTIM SOUTH,OR,10,5/30/15,13:40:19,1177,N
BASTIM SOUTH,OR,10,5/30/15,13:40:49,1052.7,N
BASTIM SOUTH,OR,10,5/30/15,13:41:19,1223.8,N
BASTIM SOUTH,OR,10,5/30/15,13:41:49,1436.8,N
BASTIM SOUTH,OR,10,5/30/15,13:42:19,1447,N
BASTIM SOUTH,OR,10,5/30/15,13:42:49,1643,N
BASTIM SOUTH,OR,10,5/30/15,13:43:19,1310.2,N
BASTIM SOUTH,OR,10,5/30/15,13:43:49,1432.3,N
BASTIM SOUTH,OR,10,5/30/15,13:44:19,987.85,N
BASTIM SOUTH,OR,10,5/30/15,13:44:49,1612.1,N
BASTIM SOUTH,OR,10,5/30/15,13:45:19,829.17,N
BASTIM SOUTH,OR,10,5/30/15,13:45:49,1150.7,N
BASTIM SOUTH,OR,10,5/30/15,13:46:19,1386.1,N
BASTIM SOUTH,OR,10,5/30/15,13:46:49,1533.8,N
BASTIM SOUTH,OR,10,5/30/15,13:47:19,1150.6,N
BASTIM SOUTH,OR,10,5/30/15,13:47:49,1341.2,N
BASTIM SOUTH,OR,10,5/30/15,13:48:19,664.41,N
BASTIM SOUTH,OR,10,5/30/15,13:48:49,1016.6,N
BASTIM SOUTH,OR,10,5/30/15,13:49:19,1254.3,N
BASTIM SOUTH,OR,10,5/30/15,13:49:49,1672.9,N
BASTIM SOUTH,OR,10,5/30/15,13:50:19,978.25,N
BASTIM SOUTH,OR,10,5/30/15,13:50:49,1447.1,N
BASTIM SOUTH,OR,10,5/30/15,13:51:19,1359.2,N
BASTIM SOUTH,OR,10,5/30/15,13:51:49,941.7,N
BASTIM SOUTH,OR,10,5/30/15,13:52:19,1245.6,N
BASTIM SOUTH,OR,10,5/30/15,13:52:49,1194.8,N
BASTIM SOUTH,OR,10,5/30/15,13:53:19,1863.6,N
BASTIM SOUTH,OR,10,5/30/15,13:53:49,1274.6,N
BASTIM SOUTH,OR,10,5/30/15,13:54:19,1260.6,N
BASTIM SOUTH,OR,10,5/30/15,13:54:49,2309,N
BASTIM SOUTH,OR,10,5/30/15,13:55:19,571.86,N
BASTIM SOUTH,OR,10,5/30/15,13:55:49,571.86,N
BASTIM SOUTH,OR,10,5/30/15,13:56:19,848.29,N
BASTIM SOUTH,OR,10,5/30/15,13:56:49,923.21,N
BASTIM SOUTH,OR,10,5/30/15,13:57:19,1255.9,N
BASTIM SOUTH,OR,10,5/30/15,13:57:49,1383.9,N
BASTIM SOUTH,OR,10,5/30/15,13:58:19,1157.2,N
BASTIM SOUTH,OR,10,5/30/15,13:58:49,1510.6,N
BASTIM SOUTH,OR,10,5/30/15,13:59:19,979.25,N
BASTIM SOUTH,OR,10,5/30/15,13:59:49,571.86,N
BASTIM SOUTH,OR,10,5/30/15,14:00:19,1163.2,N
BASTIM SOUTH,OR,10,5/30/15,14:00:49,571.86,N
BASTIM SOUTH,OR,10,5/30/15,14:01:19,1389.4,N
BASTIM SOUTH,OR,10,5/30/15,14:01:49,1223.1,N
BASTIM SOUTH,OR,10,5/30/15,14:02:19,571.86,N
BASTIM SOUTH,OR,10,5/30/15,14:02:49,1311.5,N
BASTIM SOUTH,OR,10,5/30/15,14:03:19,837.19,N
BASTIM SOUTH,OR,10,5/30/15,14:03:49,1049,N
BASTIM SOUTH,OR,10,5/30/15,14:04:19,1117.8,N
BASTIM SOUTH,OR,10,5/30/15,14:04:49,1691.8,N
BASTIM SOUTH,OR,10,5/30/15,14:05:19,1012,N
BASTIM SOUTH,OR,10,5/30/15,14:05:49,1093.1,N
BASTIM SOUTH,OR,10,5/30/15,14:06:19,1251.8,N
BASTIM SOUTH,OR,10,5/30/15,14:06:49,1213.7,N
BASTIM SOUTH,OR,10,5/30/15,14:07:19,1727,N
BASTIM SOUTH,OR,10,5/30/15,14:07:49,870.3,N
BASTIM SOUTH,OR,10,5/30/15,14:08:19,1174.6,N
BASTIM SOUTH,OR,10,5/30/15,14:08:49,571.86,N
BASTIM SOUTH,OR,10,5/30/15,14:09:19,1243.9,N
BASTIM SOUTH,OR,10,5/30/15,14:09:49,1304.4,N
BASTIM SOUTH,OR,10,5/30/15,14:10:19,1236.5,N
BASTIM SOUTH,OR,10,5/30/15,14:10:49,1163.7,N
BASTIM SOUTH,OR,10,5/30/15,14:11:19,1160.9,N
BASTIM SOUTH,OR,10,5/30/15,14:11:49,1130,N
BASTIM SOUTH,OR,10,5/30/15,14:12:19,879.18,N
BASTIM SOUTH,OR,10,5/30/15,14:12:49,840.54,N
BASTIM SOUTH,OR,10,5/30/15,14:13:19,1443.5,N
BASTIM SOUTH,OR,10,5/30/15,14:13:49,849.95,N
BASTIM SOUTH,OR,10,5/30/15,14:14:19,913.32,N
BASTIM SOUTH,OR,10,5/30/15,14:14:49,1059.1,N
BASTIM SOUTH,OR,10,5/30/15,14:15:19,1276.5,N
BASTIM SOUTH,OR,10,5/30/15,14:15:49,1416,N
BASTIM SOUTH,OR,10,5/30/15,14:16:19,1156.5,N
BASTIM SOUTH,OR,10,5/30/15,14:16:49,1172.1,N
BASTIM SOUTH,OR,10,5/30/15,14:17:19,817.27,N
BASTIM SOUTH,OR,10,5/30/15,14:17:49,1093.2,N
BASTIM SOUTH,OR,10,5/30/15,14:18:19,1072.9,N
BASTIM SOUTH,OR,10,5/30/15,14:18:49,1107.7,N
BASTIM SOUTH,OR,10,5/30/15,14:19:19,950.26,N
BASTIM SOUTH,OR,10,5/30/15,14:19:49,721.63,N
BASTIM SOUTH,OR,10,5/30/15,14:20:19,1198.4,N
BASTIM SOUTH,OR,10,5/30/15,14:20:49,1144.1,N
BASTIM SOUTH,OR,10,5/30/15,14:21:19,1473,N
BASTIM SOUTH,OR,10,5/30/15,14:21:49,916.04,N
BASTIM SOUTH,OR,10,5/30/15,14:22:19,814.59,N
BASTIM SOUTH,OR,10,5/30/15,14:22:49,721.74,N
BASTIM SOUTH,OR,10,5/30/15,14:23:19,1350.6,N
BASTIM SOUTH,OR,10,5/30/15,14:23:49,1098.3,N
BASTIM SOUTH,OR,10,5/30/15,14:24:19,802.77,N
BASTIM SOUTH,OR,10,5/30/15,14:24:49,980.09,N
BASTIM SOUTH,OR,10,5/30/15,14:25:19,753.17,N
BASTIM SOUTH,OR,10,5/30/15,14:25:49,832.09,N
BASTIM SOUTH,OR,10,5/30/15,14:26:19,1118.4,N
BASTIM SOUTH,OR,10,5/30/15,14:26:49,1102.4,N
BASTIM SOUTH,OR,10,5/30/15,14:27:19,1214.5,N
BASTIM SOUTH,OR,10,5/30/15,14:27:49,880.78,N
BASTIM SOUTH,OR,10,5/30/15,14:28:19,879.96,N
BASTIM SOUTH,OR,10,5/30/15,14:28:49,821.98,N
BASTIM SOUTH,OR,10,5/30/15,14:29:19,867.5,N
BASTIM SOUTH,OR,10,5/30/15,14:29:49,1242.8,N
BASTIM SOUTH,OR,10,5/30/15,14:30:19,1210.9,N
BASTIM SOUTH,OR,10,5/30/15,14:30:49,793.85,N
BASTIM SOUTH,OR,10,5/30/15,14:31:19,1107.7,N
BASTIM SOUTH,OR,10,5/30/15,14:31:49,1053.3,N
BASTIM SOUTH,OR,10,5/30/15,14:32:19,790.68,N
BASTIM SOUTH,OR,10,5/30/15,14:32:49,801.69,N
BASTIM SOUTH,OR,10,5/30/15,14:33:19,1124.5,N
BASTIM SOUTH,OR,10,5/30/15,14:33:49,1121.8,N
BASTIM SOUTH,OR,10,5/30/15,14:34:19,660.09,N
BASTIM SOUTH,OR,10,5/30/15,14:34:49,1245.4,N
BASTIM SOUTH,OR,10,5/30/15,14:35:19,865.81,N
BASTIM SOUTH,OR,10,5/30/15,14:35:49,832.63,N
BASTIM SOUTH,OR,10,5/30/15,14:36:19,1175.6,N
BASTIM SOUTH,OR,10,5/30/15,14:36:49,936.58,N
BASTIM SOUTH,OR,10,5/30/15,14:37:19,861.66,N
BASTIM SOUTH,OR,10,5/30/15,14:37:49,820.73,N
POPA ISLAND,OR,6,5/31/15,11:35:35,501.07,N
POPA ISLAND,OR,6,5/31/15,11:36:05,527.43,N
POPA ISLAND,OR,6,5/31/15,11:36:35,474.76,N
POPA ISLAND,OR,6,5/31/15,11:37:05,498.27,N
POPA ISLAND,OR,6,5/31/15,11:37:35,530.74,N
POPA ISLAND,OR,6,5/31/15,11:38:05,630.18,N
POPA ISLAND,OR,6,5/31/15,11:38:35,671.61,N
POPA ISLAND,OR,6,5/31/15,11:39:05,835.4,N
POPA ISLAND,OR,6,5/31/15,11:39:35,740.5,N
POPA ISLAND,OR,6,5/31/15,11:40:05,1014.7,N
POPA ISLAND,OR,6,5/31/15,11:40:35,631.36,N
POPA ISLAND,OR,6,5/31/15,11:41:05,627.78,N
POPA ISLAND,OR,6,5/31/15,11:41:35,492.09,N
POPA ISLAND,OR,6,5/31/15,11:42:05,450.18,N
POPA ISLAND,OR,6,5/31/15,11:42:35,420.07,N
POPA ISLAND,OR,6,5/31/15,11:43:05,401.99,N
POPA ISLAND,OR,6,5/31/15,11:43:35,396.25,N
POPA ISLAND,OR,6,5/31/15,11:44:05,370.56,N
POPA ISLAND,OR,6,5/31/15,11:44:35,327.77,N
POPA ISLAND,OR,6,5/31/15,11:45:05,332.07,N
POPA ISLAND,OR,6,5/31/15,11:45:35,320.95,N
POPA ISLAND,OR,6,5/31/15,11:46:05,354.58,N
POPA ISLAND,OR,6,5/31/15,11:46:35,334.18,N
POPA ISLAND,OR,6,5/31/15,11:47:05,387.4,N
POPA ISLAND,OR,6,5/31/15,11:47:35,411.09,N
POPA ISLAND,OR,6,5/31/15,11:48:05,356.47,N
POPA ISLAND,OR,6,5/31/15,11:48:35,395.24,N
POPA ISLAND,OR,6,5/31/15,11:49:05,379.82,N
POPA ISLAND,OR,6,5/31/15,11:49:35,408.13,N
POPA ISLAND,OR,6,5/31/15,11:50:05,419.34,N
POPA ISLAND,OR,6,5/31/15,11:50:35,442.04,N
POPA ISLAND,OR,6,5/31/15,11:51:05,475.64,N
POPA ISLAND,OR,6,5/31/15,11:51:35,508.62,N
POPA ISLAND,OR,6,5/31/15,11:52:05,587.38,N
POPA ISLAND,OR,6,5/31/15,11:52:35,643.55,N
POPA ISLAND,OR,6,5/31/15,11:53:05,594.79,N
POPA ISLAND,OR,6,5/31/15,11:53:35,497.74,N
POPA ISLAND,OR,6,5/31/15,11:54:05,427.84,N
POPA ISLAND,OR,6,5/31/15,11:54:35,415.67,N
POPA ISLAND,OR,6,5/31/15,11:55:05,401.94,N
POPA ISLAND,OR,6,5/31/15,11:55:35,413.03,N
POPA ISLAND,OR,6,5/31/15,11:56:05,456.26,N
POPA ISLAND,OR,6,5/31/15,11:56:35,522.19,N
POPA ISLAND,OR,6,5/31/15,11:57:05,628.51,N
POPA ISLAND,OR,6,5/31/15,11:57:35,869.34,N
POPA ISLAND,OR,6,5/31/15,11:58:05,841.89,N
POPA ISLAND,OR,6,5/31/15,11:58:35,490.97,N
POPA ISLAND,OR,6,5/31/15,11:59:05,220.17,N
POPA ISLAND,OR,6,5/31/15,11:59:35,210.89,N
POPA ISLAND,OR,6,5/31/15,12:00:05,178.1,N
POPA ISLAND,OR,6,5/31/15,12:00:35,228.62,N
POPA ISLAND,OR,6,5/31/15,12:01:05,255.09,Y
POPA ISLAND,OR,6,5/31/15,12:01:35,267.54,Y
POPA ISLAND,OR,6,5/31/15,12:02:05,267.41,Y
POPA ISLAND,OR,6,5/31/15,12:02:35,189.42,Y
POPA ISLAND,OR,6,5/31/15,12:03:05,558.45,Y
POPA ISLAND,OR,6,5/31/15,12:03:35,254.45,Y
POPA ISLAND,OR,6,5/31/15,12:04:05,282.07,Y
POPA ISLAND,OR,6,5/31/15,12:04:35,314.34,Y
POPA ISLAND,OR,6,5/31/15,12:05:05,311.53,Y
POPA ISLAND,OR,6,5/31/15,12:05:35,440.85,Y
POPA ISLAND,OR,6,5/31/15,12:06:05,379.64,Y
POPA ISLAND,OR,6,5/31/15,12:06:35,357.31,Y
POPA ISLAND,OR,6,5/31/15,12:07:05,327.24,Y
POPA ISLAND,OR,6,5/31/15,12:07:35,548.39,Y
POPA ISLAND,OR,6,5/31/15,12:08:05,756.32,Y
POPA ISLAND,OR,6,5/31/15,12:08:35,691.83,Y
POPA ISLAND,OR,6,5/31/15,12:09:05,886.09,Y
POPA ISLAND,OR,6,5/31/15,12:09:35,856.19,Y
POPA ISLAND,OR,6,5/31/15,12:10:05,608.59,Y
POPA ISLAND,OR,6,5/31/15,12:10:35,903.63,Y
POPA ISLAND,OR,6,5/31/15,12:11:05,819.74,Y
POPA ISLAND,OR,6,5/31/15,12:11:35,1226.3,Y
POPA ISLAND,OR,6,5/31/15,12:12:05,1070.1,Y
POPA ISLAND,OR,6,5/31/15,12:12:35,1380.3,Y
POPA ISLAND,OR,6,5/31/15,12:13:05,554.22,Y
POPA ISLAND,OR,6,5/31/15,12:13:35,998.1,Y
POPA ISLAND,OR,6,5/31/15,12:14:05,866.21,Y
POPA ISLAND,OR,6,5/31/15,12:14:35,832.25,Y
POPA ISLAND,OR,6,5/31/15,12:15:05,726.55,Y
POPA ISLAND,OR,6,5/31/15,12:15:35,395.26,Y
POPA ISLAND,OR,6,5/31/15,12:16:05,983.71,Y
POPA ISLAND,OR,6,5/31/15,12:16:35,911.17,Y
POPA ISLAND,OR,6,5/31/15,12:17:05,1067.6,Y
POPA ISLAND,OR,6,5/31/15,12:17:35,846.88,Y
POPA ISLAND,OR,6,5/31/15,12:18:05,962.67,Y
POPA ISLAND,OR,6,5/31/15,12:18:35,986.43,Y
POPA ISLAND,OR,6,5/31/15,12:19:05,1284.8,Y
POPA ISLAND,OR,6,5/31/15,12:19:35,1106.6,Y
POPA ISLAND,OR,6,5/31/15,12:20:05,997.88,Y
POPA ISLAND,OR,6,5/31/15,12:20:35,1059.7,Y
POPA ISLAND,OR,6,5/31/15,12:21:05,571.86,Y
POPA ISLAND,OR,6,5/31/15,12:21:35,858.93,Y
POPA ISLAND,OR,6,5/31/15,12:22:05,1130.9,Y
POPA ISLAND,OR,6,5/31/15,12:22:35,1046.3,Y
POPA ISLAND,OR,6,5/31/15,12:23:05,1068.2,Y
POPA ISLAND,OR,6,5/31/15,12:23:35,1075.8,Y
POPA ISLAND,OR,6,5/31/15,12:24:05,1226.7,Y
POPA ISLAND,OR,6,5/31/15,12:24:35,1154.9,Y
POPA ISLAND,OR,6,5/31/15,12:25:05,1282.8,Y
POPA ISLAND,OR,6,5/31/15,12:25:35,1208.1,Y
POPA ISLAND,OR,6,5/31/15,12:26:05,952.3,Y
POPA ISLAND,OR,6,5/31/15,12:26:35,885.24,Y
POPA ISLAND,OR,6,5/31/15,12:27:05,1000.5,Y
POPA ISLAND,OR,6,5/31/15,12:27:35,928.41,Y
POPA ISLAND,OR,6,5/31/15,12:28:05,838.43,Y
POPA ISLAND,OR,6,5/31/15,12:28:35,1071.3,Y
POPA ISLAND,OR,6,5/31/15,12:29:05,764.65,Y
POPA ISLAND,OR,6,5/31/15,12:29:35,1039.4,Y
POPA ISLAND,OR,6,5/31/15,12:30:05,1284,Y
POPA ISLAND,OR,6,5/31/15,12:30:35,957.27,Y
POPA ISLAND,OR,6,5/31/15,12:31:05,1172.6,Y
POPA ISLAND,OR,6,5/31/15,12:31:35,1181.5,Y
POPA ISLAND,OR,6,5/31/15,12:32:05,1251.1,Y
POPA ISLAND,OR,6,5/31/15,12:32:35,925.86,Y
POPA ISLAND,OR,6,5/31/15,12:33:05,1024.4,Y
POPA ISLAND,OR,6,5/31/15,12:33:35,956.32,Y
POPA ISLAND,OR,6,5/31/15,12:34:05,1205.3,Y
POPA ISLAND,OR,6,5/31/15,12:34:35,1119.1,Y
POPA ISLAND,OR,6,5/31/15,12:35:05,1190.7,Y
POPA ISLAND,OR,6,5/31/15,12:35:35,1295.1,Y
POPA ISLAND,OR,6,5/31/15,12:36:05,1038.5,Y
POPA ISLAND,OR,6,5/31/15,12:36:35,1099.7,Y
POPA ISLAND,OR,6,5/31/15,12:37:05,1623.2,Y
POPA ISLAND,OR,6,5/31/15,12:37:35,1918.8,Y
POPA ISLAND,OR,6,5/31/15,12:38:05,1413.5,Y
POPA ISLAND,OR,6,5/31/15,12:38:35,1119.2,Y
POPA ISLAND,OR,6,5/31/15,12:39:05,796.17,Y
POPA ISLAND,OR,6,5/31/15,12:39:35,820.41,Y
POPA ISLAND,OR,6,5/31/15,12:40:05,1105.4,Y
POPA ISLAND,OR,6,5/31/15,12:40:35,718.96,Y
POPA ISLAND,OR,6,5/31/15,12:41:05,866.17,Y
POPA ISLAND,OR,6,5/31/15,12:41:35,835.04,Y
POPA ISLAND,OR,6,5/31/15,12:42:05,1156.3,Y
POPA ISLAND,OR,6,5/31/15,12:42:35,1190.3,Y
POPA ISLAND,OR,6,5/31/15,12:43:05,1067.3,Y
POPA ISLAND,OR,6,5/31/15,12:43:35,955.6,Y
POPA ISLAND,OR,6,5/31/15,12:44:05,783.41,Y
POPA ISLAND,OR,6,5/31/15,12:44:35,1528,Y
POPA ISLAND,OR,6,5/31/15,12:45:05,840.96,Y
POPA ISLAND,OR,6,5/31/15,12:45:35,1694.6,Y
POPA ISLAND,OR,6,5/31/15,12:46:05,915.94,Y
POPA ISLAND,OR,6,5/31/15,12:46:35,1126.3,Y
POPA ISLAND,OR,6,5/31/15,12:47:05,1724.6,Y
POPA ISLAND,OR,6,5/31/15,12:47:35,1158.2,Y
POPA ISLAND,OR,6,5/31/15,12:48:05,1234,Y
POPA ISLAND,OR,6,5/31/15,12:48:35,1032.4,Y
POPA ISLAND,OR,6,5/31/15,12:49:05,1280.4,Y
POPA ISLAND,OR,6,5/31/15,12:49:35,1144.9,Y
POPA ISLAND,OR,6,5/31/15,12:50:05,1133,Y
POPA ISLAND,OR,6,5/31/15,12:50:35,734.07,Y
POPA ISLAND,OR,6,5/31/15,12:51:05,967.25,Y
POPA ISLAND,OR,6,5/31/15,12:51:35,1210.7,Y
POPA ISLAND,OR,6,5/31/15,12:52:05,1050.7,Y
POPA ISLAND,OR,6,5/31/15,12:52:35,1036.9,Y
POPA ISLAND,OR,6,5/31/15,12:53:05,1581.1,Y
POPA ISLAND,OR,6,5/31/15,12:53:35,913.93,Y
POPA ISLAND,OR,6,5/31/15,12:54:05,1377,Y
POPA ISLAND,OR,6,5/31/15,12:54:35,1185.3,Y
POPA ISLAND,OR,6,5/31/15,12:55:05,1136,Y
POPA ISLAND,OR,6,5/31/15,12:55:35,1236.2,Y
POPA ISLAND,OR,6,5/31/15,12:56:05,1675.5,Y
POPA ISLAND,OR,6,5/31/15,12:56:35,1038.2,Y
POPA ISLAND,OR,6,5/31/15,12:57:05,1216.5,Y
POPA ISLAND,OR,6,5/31/15,12:57:35,1192.5,Y
POPA ISLAND,OR,6,5/31/15,12:58:05,742.01,Y
POPA ISLAND,OR,6,5/31/15,12:58:35,1286.2,Y
POPA ISLAND,OR,6,5/31/15,12:59:05,931.15,Y
POPA ISLAND,OR,6,5/31/15,12:59:35,1020.5,Y
POPA ISLAND,OR,6,5/31/15,13:00:05,1160.4,Y
POPA ISLAND,OR,6,5/31/15,13:00:35,1141.4,Y
POPA ISLAND,OR,6,5/31/15,13:01:05,894.77,Y
POPA ISLAND,OR,6,5/31/15,13:01:35,1449.6,Y
POPA ISLAND,OR,6,5/31/15,13:02:05,2120.8,Y
POPA ISLAND,OR,6,5/31/15,13:02:35,1181.2,Y
POPA ISLAND,OR,6,5/31/15,13:03:05,1165.6,Y
POPA ISLAND,OR,6,5/31/15,13:03:35,1071.1,Y
POPA ISLAND,OR,6,5/31/15,13:04:05,1139,Y
POPA ISLAND,OR,6,5/31/15,13:04:35,1485.8,Y
POPA ISLAND,OR,6,5/31/15,13:05:05,1657.5,Y
POPA ISLAND,OR,6,5/31/15,13:05:35,959.04,Y
POPA ISLAND,OR,6,5/31/15,13:06:05,733.07,Y
POPA ISLAND,OR,6,5/31/15,13:06:35,1360.4,Y
POPA ISLAND,OR,6,5/31/15,13:07:05,1126.5,Y
POPA ISLAND,OR,6,5/31/15,13:07:35,1744,Y
POPA ISLAND,OR,6,5/31/15,13:08:05,1208.6,Y
POPA ISLAND,OR,6,5/31/15,13:08:35,1242.5,Y
POPA ISLAND,OR,6,5/31/15,13:09:05,1785,Y
POPA ISLAND,OR,6,5/31/15,13:09:35,1209.8,Y
POPA ISLAND,OR,6,5/31/15,13:10:05,1023.8,Y
POPA ISLAND,OR,6,5/31/15,13:10:35,1017.2,Y
POPA ISLAND,OR,6,5/31/15,13:11:05,1344.3,Y
POPA ISLAND,OR,6,5/31/15,13:11:35,944.31,Y
POPA ISLAND,OR,6,5/31/15,13:12:05,1407.9,Y
POPA ISLAND,OR,6,5/31/15,13:12:35,1125.4,Y
POPA ISLAND,OR,6,5/31/15,13:13:05,571.86,Y
POPA ISLAND,OR,6,5/31/15,13:13:35,1279.2,Y
POPA ISLAND,OR,6,5/31/15,13:14:05,859.64,Y
POPA ISLAND,OR,6,5/31/15,13:14:35,736.38,Y
POPA ISLAND,OR,6,5/31/15,13:15:05,1008.3,Y
POPA ISLAND,OR,6,5/31/15,13:15:35,1225,Y
POPA ISLAND,OR,6,5/31/15,13:16:05,1113.8,Y
POPA ISLAND,OR,6,5/31/15,13:16:35,981.31,Y
POPA ISLAND,OR,6,5/31/15,13:17:05,846.96,Y
POPA ISLAND,OR,6,5/31/15,13:17:35,1088.1,Y
POPA ISLAND,OR,6,5/31/15,13:18:05,1137.5,Y
POPA ISLAND,OR,6,5/31/15,13:18:35,887.99,Y
POPA ISLAND,OR,6,5/31/15,13:19:05,1183.6,Y
POPA ISLAND,OR,6,5/31/15,13:19:35,929.2,Y
POPA ISLAND,OR,6,5/31/15,13:20:05,1057.4,Y
DRAGO MAR,OR,8,6/1/15,10:38:50,425.64,Y
DRAGO MAR,OR,8,6/1/15,10:39:20,404.54,Y
DRAGO MAR,OR,8,6/1/15,10:39:50,381.73,Y
DRAGO MAR,OR,8,6/1/15,10:40:20,374.72,Y
DRAGO MAR,OR,8,6/1/15,10:40:50,406.8,Y
DRAGO MAR,OR,8,6/1/15,10:41:20,409.54,Y
DRAGO MAR,OR,8,6/1/15,10:41:50,387.44,Y
DRAGO MAR,OR,8,6/1/15,10:42:20,411.36,Y
DRAGO MAR,OR,8,6/1/15,10:42:50,447.01,Y
DRAGO MAR,OR,8,6/1/15,10:43:20,651.79,Y
DRAGO MAR,OR,8,6/1/15,10:43:50,719.91,Y
DRAGO MAR,OR,8,6/1/15,10:44:20,799.23,Y
DRAGO MAR,OR,8,6/1/15,10:44:50,922.04,Y
DRAGO MAR,OR,8,6/1/15,10:45:20,1104.2,Y
DRAGO MAR,OR,8,6/1/15,10:45:50,1034.6,Y
DRAGO MAR,OR,8,6/1/15,10:46:20,867.84,Y
DRAGO MAR,OR,8,6/1/15,10:46:50,1208.6,Y
DRAGO MAR,OR,8,6/1/15,10:47:20,773.2,Y
DRAGO MAR,OR,8,6/1/15,10:47:50,702.56,Y
DRAGO MAR,OR,8,6/1/15,10:48:20,577.69,Y
DRAGO MAR,OR,8,6/1/15,10:48:50,810.83,Y
DRAGO MAR,OR,8,6/1/15,10:49:20,847.49,Y
DRAGO MAR,OR,8,6/1/15,10:49:50,632.95,Y
DRAGO MAR,OR,8,6/1/15,10:50:20,571.86,Y
DRAGO MAR,OR,8,6/1/15,10:50:50,625.09,Y
DRAGO MAR,OR,8,6/1/15,10:51:20,714.85,Y
DRAGO MAR,OR,8,6/1/15,10:51:50,554.8,Y
DRAGO MAR,OR,8,6/1/15,10:52:20,523.69,Y
DRAGO MAR,OR,8,6/1/15,10:52:50,495.27,Y
DRAGO MAR,OR,8,6/1/15,10:53:20,479.77,Y
DRAGO MAR,OR,8,6/1/15,10:53:50,462.39,Y
DRAGO MAR,OR,8,6/1/15,10:54:20,501.27,Y
DRAGO MAR,OR,8,6/1/15,10:54:50,535.56,Y
DRAGO MAR,OR,8,6/1/15,10:55:20,571.86,Y
DRAGO MAR,OR,8,6/1/15,10:55:50,514.29,Y
DRAGO MAR,OR,8,6/1/15,10:56:20,525.35,Y
DRAGO MAR,OR,8,6/1/15,10:56:50,530.16,Y
DRAGO MAR,OR,8,6/1/15,10:57:20,502.96,Y
DRAGO MAR,OR,8,6/1/15,10:57:50,256.05,Y
DRAGO MAR,OR,8,6/1/15,10:58:20,814.83,Y
DRAGO MAR,OR,8,6/1/15,10:58:50,571.86,Y
DRAGO MAR,OR,8,6/1/15,10:59:20,478.04,Y
DRAGO MAR,OR,8,6/1/15,10:59:50,430.54,Y
DRAGO MAR,OR,8,6/1/15,11:00:20,586.53,Y
DRAGO MAR,OR,8,6/1/15,11:00:50,528.74,Y
DRAGO MAR,OR,8,6/1/15,11:01:20,605.06,Y
DRAGO MAR,OR,8,6/1/15,11:01:50,323.78,Y
DRAGO MAR,OR,8,6/1/15,11:02:20,708.78,Y
DRAGO MAR,OR,8,6/1/15,11:02:50,795.78,Y
DRAGO MAR,OR,8,6/1/15,11:03:20,746.93,Y
DRAGO MAR,OR,8,6/1/15,11:03:50,331.34,Y
DRAGO MAR,OR,8,6/1/15,11:04:20,237.91,Y
DRAGO MAR,OR,8,6/1/15,11:04:50,434.58,Y
DRAGO MAR,OR,8,6/1/15,11:05:20,251.03,Y
DRAGO MAR,OR,8,6/1/15,11:05:50,348.58,Y
DRAGO MAR,OR,8,6/1/15,11:06:20,378.59,Y
DRAGO MAR,OR,8,6/1/15,11:06:50,376.19,Y
DRAGO MAR,OR,8,6/1/15,11:07:20,328.07,Y
DRAGO MAR,OR,8,6/1/15,11:07:50,426.18,Y
DRAGO MAR,OR,8,6/1/15,11:08:20,491.64,Y
DRAGO MAR,OR,8,6/1/15,11:08:50,365,Y
DRAGO MAR,OR,8,6/1/15,11:09:20,731.16,Y
DRAGO MAR,OR,8,6/1/15,11:09:50,269.03,Y
DRAGO MAR,OR,8,6/1/15,11:10:20,482.99,Y
DRAGO MAR,OR,8,6/1/15,11:10:50,388.78,Y
DRAGO MAR,OR,8,6/1/15,11:11:20,462.6,Y
DRAGO MAR,OR,8,6/1/15,11:11:50,413.63,Y
DRAGO MAR,OR,8,6/1/15,11:12:20,361.7,Y
DRAGO MAR,OR,8,6/1/15,11:12:50,444.24,Y
DRAGO MAR,OR,8,6/1/15,11:13:20,501.94,Y
DRAGO MAR,OR,8,6/1/15,11:13:50,772.7,Y
DRAGO MAR,OR,8,6/1/15,11:14:20,535.39,Y
DRAGO MAR,OR,8,6/1/15,11:14:50,445.65,Y
DRAGO MAR,OR,8,6/1/15,11:15:20,403.62,Y
DRAGO MAR,OR,8,6/1/15,11:15:50,382.55,Y
DRAGO MAR,OR,8,6/1/15,11:16:20,319.94,Y
DRAGO MAR,OR,8,6/1/15,11:16:50,342.69,Y
DRAGO MAR,OR,8,6/1/15,11:17:20,352.16,Y
DRAGO MAR,OR,8,6/1/15,11:17:50,254.95,Y
DRAGO MAR,OR,8,6/1/15,11:18:20,549.1,Y
DRAGO MAR,OR,8,6/1/15,11:18:50,412.32,Y
DRAGO MAR,OR,8,6/1/15,11:19:20,568.76,Y
DRAGO MAR,OR,8,6/1/15,11:19:50,571.86,Y
DRAGO MAR,OR,8,6/1/15,11:20:20,476.9,Y
DRAGO MAR,OR,8,6/1/15,11:20:50,483.64,Y
DRAGO MAR,OR,8,6/1/15,11:21:20,506.61,Y
DRAGO MAR,OR,8,6/1/15,11:21:50,506.46,Y
DRAGO MAR,OR,8,6/1/15,11:22:20,503.42,Y
DRAGO MAR,OR,8,6/1/15,11:22:50,432.99,Y
DRAGO MAR,OR,8,6/1/15,11:23:20,444.55,Y
DRAGO MAR,OR,8,6/1/15,11:23:50,461.59,Y
DRAGO MAR,OR,8,6/1/15,11:24:20,465.37,Y
DRAGO MAR,OR,8,6/1/15,11:24:50,452.08,Y
DRAGO MAR,OR,8,6/1/15,11:25:20,521.19,Y
DRAGO MAR,OR,8,6/1/15,11:25:50,471.93,Y
DRAGO MAR,OR,8,6/1/15,11:26:20,545.69,Y
DRAGO MAR,OR,8,6/1/15,11:26:50,848.7,Y
DRAGO MAR,OR,8,6/1/15,11:27:20,332.46,Y
DRAGO MAR,OR,8,6/1/15,11:27:50,328.93,Y
DRAGO MAR,OR,8,6/1/15,11:28:20,339.04,Y
DRAGO MAR,OR,8,6/1/15,11:28:50,341.28,Y
DRAGO MAR,OR,8,6/1/15,11:29:20,340.68,Y
DRAGO MAR,OR,8,6/1/15,11:29:50,337.98,Y
DRAGO MAR,OR,8,6/1/15,11:30:20,338.95,Y
DRAGO MAR,OR,8,6/1/15,11:30:50,341.15,Y
DRAGO MAR,OR,8,6/1/15,11:31:20,329.5,Y
DRAGO MAR,OR,8,6/1/15,11:31:50,338.62,Y
DRAGO MAR,OR,8,6/1/15,11:32:20,335.6,Y
DRAGO MAR,OR,8,6/1/15,11:32:50,334.32,Y
DRAGO MAR,OR,8,6/1/15,11:33:20,329.05,Y
DRAGO MAR,OR,8,6/1/15,11:33:50,328.25,Y
DRAGO MAR,OR,8,6/1/15,11:34:20,328.67,Y
DRAGO MAR,OR,8,6/1/15,11:34:50,325.12,Y
DRAGO MAR,OR,8,6/1/15,11:35:20,329.24,Y
DRAGO MAR,OR,8,6/1/15,11:35:50,344.14,Y
DRAGO MAR,OR,8,6/1/15,11:36:20,348,Y
DRAGO MAR,OR,8,6/1/15,11:36:50,351.84,Y
DRAGO MAR,OR,8,6/1/15,11:37:20,355.2,Y
DRAGO MAR,OR,8,6/1/15,11:37:50,364.74,Y
DRAGO MAR,OR,8,6/1/15,11:38:20,370.55,Y
DRAGO MAR,OR,8,6/1/15,11:38:50,371.44,Y
DRAGO MAR,OR,8,6/1/15,11:39:20,377.49,Y
DRAGO MAR,OR,8,6/1/15,11:39:50,382.54,Y
DRAGO MAR,OR,8,6/1/15,11:40:20,382.58,Y
DRAGO MAR,OR,8,6/1/15,11:40:50,384.12,Y
DRAGO MAR,OR,8,6/1/15,11:41:20,383.66,Y
DRAGO MAR,OR,8,6/1/15,11:41:50,369,Y
DRAGO MAR,OR,8,6/1/15,11:42:20,375.7,Y
DRAGO MAR,OR,8,6/1/15,11:42:50,375.04,Y
DRAGO MAR,OR,8,6/1/15,11:43:20,381.16,Y
DRAGO MAR,OR,8,6/1/15,11:43:50,337.57,Y
DRAGO MAR,OR,8,6/1/15,11:44:20,361.39,Y
DRAGO MAR,OR,8,6/1/15,11:44:50,349.49,Y
DRAGO MAR,OR,8,6/1/15,11:45:20,344.37,Y
DRAGO MAR,OR,8,6/1/15,11:45:50,348.18,Y
DRAGO MAR,OR,8,6/1/15,11:46:20,344.68,Y
DRAGO MAR,OR,8,6/1/15,11:46:50,334.39,Y
DRAGO MAR,OR,8,6/1/15,11:47:20,335.58,Y
DRAGO MAR,OR,8,6/1/15,11:47:50,334.28,Y
DRAGO MAR,OR,8,6/1/15,11:48:20,338.45,Y
DRAGO MAR,OR,8,6/1/15,11:48:50,338.99,Y
DRAGO MAR,OR,8,6/1/15,11:49:20,332.76,Y
DRAGO MAR,OR,8,6/1/15,11:49:50,340.86,Y
DRAGO MAR,OR,8,6/1/15,11:50:20,338.4,Y
DRAGO MAR,OR,8,6/1/15,11:50:50,341.12,Y
DRAGO MAR,OR,8,6/1/15,11:51:20,346.29,Y
DRAGO MAR,OR,8,6/1/15,11:51:50,345.94,Y
DRAGO MAR,OR,8,6/1/15,11:52:20,339.7,Y
DRAGO MAR,OR,8,6/1/15,11:52:50,361.68,Y
DRAGO MAR,OR,8,6/1/15,11:53:20,351.16,Y
DRAGO MAR,OR,8,6/1/15,11:53:50,353.11,Y
DRAGO MAR,OR,8,6/1/15,11:54:20,353.13,Y
DRAGO MAR,OR,8,6/1/15,11:54:50,353.71,Y
DRAGO MAR,OR,8,6/1/15,11:55:20,345.21,Y
DRAGO MAR,OR,8,6/1/15,11:55:50,360.4,Y
DRAGO MAR,OR,8,6/1/15,11:56:20,355.32,Y
DRAGO MAR,OR,8,6/1/15,11:56:50,354.34,Y
DRAGO MAR,OR,8,6/1/15,11:57:20,347.86,Y
DRAGO MAR,OR,8,6/1/15,11:57:50,347.26,Y
DRAGO MAR,OR,8,6/1/15,11:58:20,354.62,Y
DRAGO MAR,OR,8,6/1/15,11:58:50,366.51,Y
DRAGO MAR,OR,8,6/1/15,11:59:20,359.57,Y
DRAGO MAR,OR,8,6/1/15,11:59:50,354.24,Y
DRAGO MAR,OR,8,6/1/15,12:00:20,385.75,Y
DRAGO MAR,OR,8,6/1/15,12:00:50,410.12,Y
DRAGO MAR,OR,8,6/1/15,12:01:20,376.72,Y
DRAGO MAR,OR,8,6/1/15,12:01:50,382.31,Y
DRAGO MAR,OR,8,6/1/15,12:02:20,395.69,Y
DRAGO MAR,OR,8,6/1/15,12:02:50,366.05,Y
DRAGO MAR,OR,8,6/1/15,12:03:20,372.05,Y
DRAGO MAR,OR,8,6/1/15,12:03:50,375.92,Y
DRAGO MAR,OR,8,6/1/15,12:04:20,347.97,Y
DRAGO MAR,OR,8,6/1/15,12:04:50,381.36,Y
DRAGO MAR,OR,8,6/1/15,12:05:20,379.83,Y
DRAGO MAR,OR,8,6/1/15,12:05:50,387.34,Y
DRAGO MAR,OR,8,6/1/15,12:06:20,384.85,Y
DRAGO MAR,OR,8,6/1/15,12:06:50,381.64,Y
DRAGO MAR,OR,8,6/1/15,12:07:20,388.49,Y
DRAGO MAR,OR,8,6/1/15,12:07:50,398.2,Y
DRAGO MAR,OR,8,6/1/15,12:08:20,379.12,Y
DRAGO MAR,OR,8,6/1/15,12:08:50,392.09,Y
DRAGO MAR,OR,8,6/1/15,12:09:20,391.86,Y
DRAGO MAR,OR,8,6/1/15,12:09:50,384.14,Y
DRAGO MAR,OR,8,6/1/15,12:10:20,379.1,Y
DRAGO MAR,OR,8,6/1/15,12:10:50,376.83,Y
DRAGO MAR,OR,8,6/1/15,12:11:20,367.85,Y
DRAGO MAR,OR,8,6/1/15,12:11:50,375.56,Y
DRAGO MAR,OR,8,6/1/15,12:12:20,370.55,Y
DRAGO MAR,OR,8,6/1/15,12:12:50,368.59,Y
DRAGO MAR,OR,8,6/1/15,12:13:20,356.08,Y
DRAGO MAR,OR,8,6/1/15,12:13:50,357.28,Y
DRAGO MAR,OR,8,6/1/15,12:14:20,357.8,Y
DRAGO MAR,OR,8,6/1/15,12:14:50,365.14,Y
DRAGO MAR,OR,8,6/1/15,12:15:20,355.85,Y
DRAGO MAR,OR,8,6/1/15,12:15:50,330.51,Y
DRAGO MAR,OR,8,6/1/15,12:16:20,329.71,Y
DRAGO MAR,OR,8,6/1/15,12:16:50,342,Y
DRAGO MAR,OR,8,6/1/15,12:17:20,347.01,Y
DRAGO MAR,OR,8,6/1/15,12:17:50,349.68,Y
DRAGO MAR,OR,8,6/1/15,12:18:20,347.14,Y
DRAGO MAR,OR,8,6/1/15,12:18:50,351.05,Y
DRAGO MAR,OR,8,6/1/15,12:19:20,353.03,Y
DRAGO MAR,OR,8,6/1/15,12:19:50,347.37,Y
DRAGO MAR,OR,8,6/1/15,12:20:20,351.06,Y
DRAGO MAR,OR,8,6/1/15,12:20:50,344.92,Y
DRAGO MAR,OR,8,6/1/15,12:21:20,328.11,Y
DRAGO MAR,OR,8,6/1/15,12:21:50,297.79,Y
DRAGO MAR,OR,8,6/1/15,12:22:20,304.53,Y
DRAGO MAR,OR,8,6/1/15,12:22:50,262.01,Y
DRAGO MAR,OR,8,6/1/15,12:23:20,241.37,Y
DRAGO MAR,OR,8,6/1/15,12:23:50,251.31,Y
DRAGO MAR,OR,8,6/1/15,12:24:20,255.74,Y
DRAGO MAR,OR,8,6/1/15,12:24:50,242.33,Y
DRAGO MAR,OR,8,6/1/15,12:25:20,255.62,Y
DRAGO MAR,OR,8,6/1/15,12:25:50,279.55,Y
DRAGO MAR,OR,8,6/1/15,12:26:20,271.26,Y
DRAGO MAR,OR,8,6/1/15,12:26:50,283.24,Y
DRAGO MAR,OR,8,6/1/15,12:27:20,271.56,Y
DRAGO MAR,OR,8,6/1/15,12:27:50,270.51,Y
DRAGO MAR,OR,8,6/1/15,12:28:20,276.87,Y
DRAGO MAR,OR,8,6/1/15,12:28:50,284.51,Y
DRAGO MAR,OR,8,6/1/15,12:29:20,322.89,Y
DRAGO MAR,OR,8,6/1/15,12:29:50,320.6,Y
DRAGO MAR,OR,8,6/1/15,12:30:20,295.84,Y
DRAGO MAR,OR,8,6/1/15,12:30:50,295.67,Y
DRAGO MAR,OR,8,6/1/15,12:31:20,294.45,Y
DRAGO MAR,OR,8,6/1/15,12:31:50,310.35,Y
DRAGO MAR,OR,8,6/1/15,12:32:20,307.68,Y
DRAGO MAR,OR,8,6/1/15,12:32:50,309.72,Y
DRAGO MAR,OR,8,6/1/15,12:33:20,300.27,Y
DRAGO MAR,OR,8,6/1/15,12:33:50,291.84,Y
DRAGO MAR,OR,8,6/1/15,12:34:20,282.54,Y
DRAGO MAR,OR,8,6/1/15,12:34:50,287.05,Y
DRAGO MAR,OR,8,6/1/15,12:35:20,314.53,Y
DRAGO MAR,OR,8,6/1/15,12:35:50,306.31,Y
DRAGO MAR,OR,8,6/1/15,12:36:20,297.21,Y
DRAGO MAR,OR,8,6/1/15,12:36:50,344.79,Y
DRAGO MAR,OR,8,6/1/15,12:37:20,298.39,Y
DRAGO MAR,OR,8,6/1/15,12:37:50,284.55,Y
DRAGO MAR,OR,8,6/1/15,12:38:20,263.7,Y
DRAGO MAR,OR,8,6/1/15,12:38:50,312.51,Y
DRAGO MAR,OR,8,6/1/15,12:39:20,354.99,Y
DRAGO MAR,OR,8,6/1/15,12:39:50,335,Y
DRAGO MAR,OR,8,6/1/15,12:40:20,342.53,Y
DRAGO MAR,OR,8,6/1/15,12:40:50,250.19,Y
DRAGO MAR,OR,8,6/1/15,12:41:20,257.43,Y
DRAGO MAR,OR,8,6/1/15,12:41:50,275.68,Y
DRAGO MAR,OR,8,6/1/15,12:42:20,294.56,Y
DRAGO MAR,OR,8,6/1/15,12:42:50,630.11,Y
DRAGO MAR,OR,8,6/1/15,12:43:20,527.96,Y
DRAGO MAR,OR,8,6/1/15,12:43:50,470.91,Y
DRAGO MAR,OR,8,6/1/15,12:44:20,465.38,Y
DRAGO MAR,OR,8,6/1/15,12:44:50,441.48,Y
DRAGO MAR,OR,8,6/1/15,12:45:20,471.56,Y
DRAGO MAR,OR,8,6/1/15,12:45:50,496.87,Y
DRAGO MAR,OR,8,6/1/15,12:46:20,438.04,Y
DRAGO MAR,OR,8,6/1/15,12:46:50,400.8,Y
DRAGO MAR,OR,8,6/1/15,12:47:20,458.4,Y
DRAGO MAR,OR,8,6/1/15,12:47:50,423.34,Y
DRAGO MAR,OR,8,6/1/15,12:48:20,482.07,Y
DRAGO MAR,OR,8,6/1/15,12:48:50,540.42,Y
DRAGO MAR,OR,8,6/1/15,12:49:20,548.47,Y
DRAGO MAR,OR,8,6/1/15,12:49:50,424.16,Y
DRAGO MAR,OR,8,6/1/15,12:50:20,212.99,Y
DRAGO MAR,OR,8,6/1/15,12:50:50,889.56,Y
DRAGO MAR,OR,8,6/1/15,12:51:20,1584.8,Y
DRAGO MAR,OR,8,6/1/15,12:51:50,1415.6,Y
DRAGO MAR,OR,8,6/1/15,12:52:20,734.86,Y
DRAGO MAR,OR,8,6/1/15,12:52:50,972.73,Y
DRAGO MAR,OR,8,6/1/15,12:53:20,939.18,Y
DRAGO MAR,OR,8,6/1/15,12:53:50,818.22,Y
DRAGO MAR,OR,8,6/1/15,12:54:20,981.69,Y
DRAGO MAR,OR,8,6/1/15,12:54:50,962.19,Y
DRAGO MAR,OR,8,6/1/15,12:55:20,836.13,Y
DRAGO MAR,OR,8,6/1/15,12:55:50,590.77,Y
DRAGO MAR,OR,8,6/1/15,12:56:20,486.57,Y
DRAGO MAR,OR,8,6/1/15,12:56:50,519.67,Y
DRAGO MAR,OR,8,6/1/15,12:57:20,523.79,Y
DRAGO MAR,OR,8,6/1/15,12:57:50,581.63,Y
DRAGO MAR,OR,8,6/1/15,12:58:20,556.79,Y
DRAGO MAR,OR,8,6/1/15,12:58:50,644.3,Y
DRAGO MAR,OR,8,6/1/15,12:59:20,639.63,Y
DRAGO MAR,OR,8,6/1/15,12:59:50,738.81,Y
DRAGO MAR,OR,8,6/1/15,13:00:20,934.08,Y
DRAGO MAR,OR,8,6/1/15,13:00:50,908.55,Y
DRAGO MAR,OR,8,6/1/15,13:01:20,860.63,Y
DRAGO MAR,OR,8,6/1/15,13:01:50,987.29,Y
DRAGO MAR,OR,8,6/1/15,13:02:20,1028.7,Y
DRAGO MAR,OR,8,6/1/15,13:02:50,1053.7,Y
DRAGO MAR,OR,8,6/1/15,13:03:20,1046,Y
DRAGO MAR,OR,8,6/1/15,13:03:50,1060.7,Y
DRAGO MAR,OR,8,6/1/15,13:04:20,902.97,Y
DRAGO MAR,OR,8,6/1/15,13:04:50,774.15,Y
DRAGO MAR,OR,8,6/1/15,13:05:20,689.84,Y
DRAGO MAR,OR,8,6/1/15,13:05:50,695,Y
DRAGO MAR,OR,8,6/1/15,13:06:20,702.2,Y
DRAGO MAR,OR,8,6/1/15,13:06:50,710.47,Y
DRAGO MAR,OR,8,6/1/15,13:07:20,684.63,Y
DRAGO MAR,OR,8,6/1/15,13:07:50,738.99,Y
DRAGO MAR,OR,8,6/1/15,13:08:20,725.44,Y
DRAGO MAR,OR,8,6/1/15,13:08:50,789.88,Y
DRAGO MAR,OR,8,6/1/15,13:09:20,892.17,Y
DRAGO MAR,OR,8,6/1/15,13:09:50,848.08,Y
DRAGO MAR,OR,8,6/1/15,13:10:20,800.68,Y
DRAGO MAR,OR,8,6/1/15,13:10:50,856.2,Y
DRAGO MAR,OR,8,6/1/15,13:11:20,1007.7,Y
DRAGO MAR,OR,8,6/1/15,13:11:50,988.32,Y
DRAGO MAR,OR,8,6/1/15,13:12:20,863.63,Y
DRAGO MAR,OR,8,6/1/15,13:12:50,1177.9,Y
DRAGO MAR,OR,8,6/1/15,13:13:20,805.65,Y
DRAGO MAR,OR,8,6/1/15,13:13:50,719.85,Y
DRAGO MAR,OR,8,6/1/15,13:14:20,702.69,Y
DRAGO MAR,OR,8,6/1/15,13:14:50,681.89,Y
DRAGO MAR,OR,8,6/1/15,13:15:20,630.3,Y
DRAGO MAR,OR,8,6/1/15,13:15:50,658.36,Y
DRAGO MAR,OR,8,6/1/15,13:16:20,697.18,Y
DRAGO MAR,OR,8,6/1/15,13:16:50,759.31,Y
DRAGO MAR,OR,8,6/1/15,13:17:20,1058.3,Y
DRAGO MAR,OR,8,6/1/15,13:17:50,730.69,Y
DRAGO MAR,OR,8,6/1/15,13:18:20,618.2,Y
DRAGO MAR,OR,8,6/1/15,13:18:50,571.85,Y
DRAGO MAR,OR,8,6/1/15,13:19:20,527.75,Y
DRAGO MAR,OR,8,6/1/15,13:19:50,501.36,Y
DRAGO MAR,OR,8,6/1/15,13:20:20,474.8,Y
DRAGO MAR,OR,8,6/1/15,13:20:50,453.57,Y
DRAGO MAR,OR,8,6/1/15,13:21:20,442.07,Y
DRAGO MAR,OR,8,6/1/15,13:21:50,446.13,Y
DRAGO MAR,OR,8,6/1/15,13:22:20,434.81,Y
DRAGO MAR,OR,8,6/1/15,13:22:50,419.86,Y
DRAGO MAR,OR,8,6/1/15,13:23:20,461.38,Y
DRAGO MAR,OR,8,6/1/15,13:23:50,447.24,Y
DRAGO MAR,OR,8,6/1/15,13:24:20,454.91,Y
DRAGO MAR,OR,8,6/1/15,13:24:50,465.61,Y
DRAGO MAR,OR,8,6/1/15,13:25:20,464.82,Y
DRAGO MAR,OR,8,6/1/15,13:25:50,447.5,Y
DRAGO MAR,OR,8,6/1/15,13:26:20,446.51,Y
DRAGO MAR,OR,8,6/1/15,13:26:50,428.61,Y
DRAGO MAR,OR,8,6/1/15,13:27:20,411.98,Y
DRAGO MAR,OR,8,6/1/15,13:27:50,413.68,Y
DRAGO MAR,OR,8,6/1/15,13:28:20,394.63,Y
DRAGO MAR,OR,8,6/1/15,13:28:50,393.5,Y
DRAGO MAR,OR,8,6/1/15,13:29:20,374.9,Y
DRAGO MAR,OR,8,6/1/15,13:29:50,366.34,Y
DRAGO MAR,OR,8,6/1/15,13:30:20,356.23,Y
DRAGO MAR,OR,8,6/1/15,13:30:50,353.75,Y
DRAGO MAR,OR,8,6/1/15,13:31:20,356.7,Y
DRAGO MAR,OR,8,6/1/15,13:31:50,355.67,Y
DRAGO MAR,OR,8,6/1/15,13:32:20,356.1,Y
DRAGO MAR,OR,8,6/1/15,13:32:50,357.86,Y
DRAGO MAR,OR,8,6/1/15,13:33:20,339.87,Y
DRAGO MAR,OR,8,6/1/15,13:33:50,354.39,Y
DRAGO MAR,OR,8,6/1/15,13:34:20,359.5,Y
DRAGO MAR,OR,8,6/1/15,13:34:50,354.51,Y
DRAGO MAR,OR,8,6/1/15,13:35:20,363.91,Y
DRAGO MAR,OR,8,6/1/15,13:35:50,357.12,Y
DRAGO MAR,OR,8,6/1/15,13:36:20,365.38,Y
DRAGO MAR,OR,8,6/1/15,13:36:50,365.41,Y
DRAGO MAR,OR,8,6/1/15,13:37:20,378.93,Y
DRAGO MAR,OR,8,6/1/15,13:37:50,366.79,Y
DRAGO MAR,OR,8,6/1/15,13:38:20,363.03,Y
DRAGO MAR,OR,8,6/1/15,13:38:50,377.35,Y
DRAGO MAR,OR,8,6/1/15,13:39:20,365.13,Y
DRAGO MAR,OR,8,6/1/15,13:39:50,372.64,Y
DRAGO MAR,OR,8,6/1/15,13:40:20,359.04,Y
DRAGO MAR,OR,8,6/1/15,13:40:50,367.6,Y
DRAGO MAR,OR,8,6/1/15,13:41:20,348.15,Y
DRAGO MAR,OR,8,6/1/15,13:41:50,361.06,Y
DRAGO MAR,OR,8,6/1/15,13:42:20,362.11,Y
DRAGO MAR,OR,8,6/1/15,13:42:50,361.29,Y
DRAGO MAR,OR,8,6/1/15,13:43:20,367.99,Y
DRAGO MAR,OR,8,6/1/15,13:43:50,348.93,Y
DRAGO MAR,OR,8,6/1/15,13:44:20,367.09,Y
DRAGO MAR,OR,8,6/1/15,13:44:50,363.81,Y
DRAGO MAR,OR,8,6/1/15,13:45:20,367.62,Y
DRAGO MAR,OR,8,6/1/15,13:45:50,362.45,Y
DRAGO MAR,OR,8,6/1/15,13:46:20,365.27,Y
DRAGO MAR,OR,8,6/1/15,13:46:50,369.55,Y
DRAGO MAR,OR,8,6/1/15,13:47:20,375.07,Y
DRAGO MAR,OR,8,6/1/15,13:47:50,366.55,Y
DRAGO MAR,OR,8,6/1/15,13:48:20,372.12,Y
DRAGO MAR,OR,8,6/1/15,13:48:50,370.88,Y
DRAGO MAR,OR,8,6/1/15,13:49:20,369.96,Y
DRAGO MAR,OR,8,6/1/15,13:49:50,376.61,Y
DRAGO MAR,OR,8,6/1/15,13:50:20,373.27,Y
DRAGO MAR,OR,8,6/1/15,13:50:50,369.47,Y
DRAGO MAR,OR,8,6/1/15,13:51:20,368.78,Y
DRAGO MAR,OR,8,6/1/15,13:51:50,367.58,Y
DRAGO MAR,OR,8,6/1/15,13:52:20,364.15,Y
DRAGO MAR,OR,8,6/1/15,13:52:50,362.46,Y
DRAGO MAR,OR,8,6/1/15,13:53:20,363.67,Y
DRAGO MAR,OR,8,6/1/15,13:53:50,363.43,Y
DRAGO MAR,OR,8,6/1/15,13:54:20,360.5,Y
DRAGO MAR,OR,8,6/1/15,13:54:50,359.93,Y
DRAGO MAR,OR,8,6/1/15,13:55:20,361.58,Y
DRAGO MAR,OR,8,6/1/15,13:55:50,358.83,Y
DRAGO MAR,OR,8,6/1/15,13:56:20,339.38,Y
DRAGO MAR,OR,8,6/1/15,13:56:50,348.6,Y
DRAGO MAR,OR,8,6/1/15,13:57:20,356.75,Y
DRAGO MAR,OR,8,6/1/15,13:57:50,348.56,Y
DRAGO MAR,OR,8,6/1/15,13:58:20,337.48,Y
DRAGO MAR,OR,8,6/1/15,13:58:50,335.24,Y
DRAGO MAR,OR,8,6/1/15,13:59:20,340.27,Y
DRAGO MAR,OR,8,6/1/15,13:59:50,333.66,Y
DRAGO MAR,OR,8,6/1/15,14:00:20,327.58,Y
DRAGO MAR,OR,8,6/1/15,14:00:50,330.65,Y
DRAGO MAR,OR,8,6/1/15,14:01:20,338.46,Y
DRAGO MAR,OR,8,6/1/15,14:01:50,338.81,Y
DRAGO MAR,OR,8,6/1/15,14:02:20,332.68,Y
DRAGO MAR,OR,8,6/1/15,14:02:50,327.76,Y
DRAGO MAR,OR,8,6/1/15,14:03:20,347.33,Y
DRAGO MAR,OR,8,6/1/15,14:03:50,352.37,Y
DRAGO MAR,OR,8,6/1/15,14:04:20,350.68,Y
DRAGO MAR,OR,8,6/1/15,14:04:50,372.71,Y
DRAGO MAR,OR,8,6/1/15,14:05:20,359.82,Y
DRAGO MAR,OR,8,6/1/15,14:05:50,361.85,Y
DRAGO MAR,OR,8,6/1/15,14:06:20,369.77,Y
DRAGO MAR,OR,8,6/1/15,14:06:50,362.03,Y
DRAGO MAR,OR,8,6/1/15,14:07:20,358.2,Y
DRAGO MAR,OR,8,6/1/15,14:07:50,358.36,Y
DRAGO MAR,OR,8,6/1/15,14:08:20,357.85,Y
DRAGO MAR,OR,8,6/1/15,14:08:50,359.07,Y
DRAGO MAR,OR,8,6/1/15,14:09:20,364.28,Y
DRAGO MAR,OR,8,6/1/15,14:09:50,383.4,Y
DRAGO MAR,OR,8,6/1/15,14:10:20,382.4,Y
DRAGO MAR,OR,8,6/1/15,14:10:50,387.82,Y
DRAGO MAR,OR,8,6/1/15,14:11:20,382.01,Y
DRAGO MAR,OR,8,6/1/15,14:11:50,378.84,Y
DRAGO MAR,OR,8,6/1/15,14:12:20,382.75,Y
DRAGO MAR,OR,8,6/1/15,14:12:50,409.39,Y
DRAGO MAR,OR,8,6/1/15,14:13:20,390.34,Y
DRAGO MAR,OR,9,6/1/15,11:45:48,332.46,Y
DRAGO MAR,OR,9,6/1/15,11:46:18,328.93,Y
DRAGO MAR,OR,9,6/1/15,11:46:48,339.04,Y
DRAGO MAR,OR,9,6/1/15,11:47:18,341.28,Y
DRAGO MAR,OR,9,6/1/15,11:47:48,340.68,Y
DRAGO MAR,OR,9,6/1/15,11:48:18,337.98,Y
DRAGO MAR,OR,9,6/1/15,11:48:48,338.95,Y
DRAGO MAR,OR,9,6/1/15,11:49:18,341.15,Y
DRAGO MAR,OR,9,6/1/15,11:49:48,329.5,Y
DRAGO MAR,OR,9,6/1/15,11:50:18,338.62,Y
DRAGO MAR,OR,9,6/1/15,11:50:48,335.6,Y
DRAGO MAR,OR,9,6/1/15,11:51:18,334.32,Y
DRAGO MAR,OR,9,6/1/15,11:51:48,329.05,Y
DRAGO MAR,OR,9,6/1/15,11:52:18,328.25,Y
DRAGO MAR,OR,9,6/1/15,11:52:48,328.67,Y
DRAGO MAR,OR,9,6/1/15,11:53:18,325.12,Y
DRAGO MAR,OR,9,6/1/15,11:53:48,329.24,Y
DRAGO MAR,OR,9,6/1/15,11:54:18,344.14,Y
DRAGO MAR,OR,9,6/1/15,11:54:48,348,Y
DRAGO MAR,OR,9,6/1/15,11:55:18,351.84,Y
DRAGO MAR,OR,9,6/1/15,11:55:48,355.2,Y
DRAGO MAR,OR,9,6/1/15,11:56:18,364.74,Y
DRAGO MAR,OR,9,6/1/15,11:56:48,370.55,Y
DRAGO MAR,OR,9,6/1/15,11:57:18,371.44,Y
DRAGO MAR,OR,9,6/1/15,11:57:48,377.49,Y
DRAGO MAR,OR,9,6/1/15,11:58:18,382.54,Y
DRAGO MAR,OR,9,6/1/15,11:58:48,382.58,Y
DRAGO MAR,OR,9,6/1/15,11:59:18,384.12,Y
DRAGO MAR,OR,9,6/1/15,11:59:48,383.66,Y
DRAGO MAR,OR,9,6/1/15,12:00:18,369,Y
DRAGO MAR,OR,9,6/1/15,12:00:48,375.7,Y
DRAGO MAR,OR,9,6/1/15,12:01:18,375.04,Y
DRAGO MAR,OR,9,6/1/15,12:01:48,381.16,Y
DRAGO MAR,OR,9,6/1/15,12:02:18,337.57,Y
DRAGO MAR,OR,9,6/1/15,12:02:48,361.39,Y
DRAGO MAR,OR,9,6/1/15,12:03:18,349.49,Y
DRAGO MAR,OR,9,6/1/15,12:03:48,344.37,Y
DRAGO MAR,OR,9,6/1/15,12:04:18,348.18,Y
DRAGO MAR,OR,9,6/1/15,12:04:48,344.68,Y
DRAGO MAR,OR,9,6/1/15,12:05:18,334.39,Y
DRAGO MAR,OR,9,6/1/15,12:05:48,335.58,Y
DRAGO MAR,OR,9,6/1/15,12:06:18,334.28,Y
DRAGO MAR,OR,9,6/1/15,12:06:48,338.45,Y
DRAGO MAR,OR,9,6/1/15,12:07:18,338.99,Y
DRAGO MAR,OR,9,6/1/15,12:07:48,332.76,Y
DRAGO MAR,OR,9,6/1/15,12:08:18,340.86,Y
DRAGO MAR,OR,9,6/1/15,12:08:48,338.4,Y
DRAGO MAR,OR,9,6/1/15,12:09:18,341.12,Y
DRAGO MAR,OR,9,6/1/15,12:09:48,346.29,Y
DRAGO MAR,OR,9,6/1/15,12:10:18,345.94,Y
DRAGO MAR,OR,9,6/1/15,12:10:48,339.7,Y
DRAGO MAR,OR,9,6/1/15,12:11:18,361.68,Y
DRAGO MAR,OR,9,6/1/15,12:11:48,351.16,Y
DRAGO MAR,OR,9,6/1/15,12:12:18,353.11,Y
DRAGO MAR,OR,9,6/1/15,12:12:48,353.13,Y
DRAGO MAR,OR,9,6/1/15,12:13:18,353.71,Y
DRAGO MAR,OR,9,6/1/15,12:13:48,345.21,Y
DRAGO MAR,OR,9,6/1/15,12:14:18,360.4,Y
DRAGO MAR,OR,9,6/1/15,12:14:48,355.32,Y
DRAGO MAR,OR,9,6/1/15,12:15:18,354.34,Y
DRAGO MAR,OR,9,6/1/15,12:15:48,347.86,Y
DRAGO MAR,OR,10,6/1/15,12:22:35,347.26,Y
DRAGO MAR,OR,10,6/1/15,12:23:05,354.62,Y
DRAGO MAR,OR,10,6/1/15,12:23:35,366.51,Y
DRAGO MAR,OR,10,6/1/15,12:24:05,359.57,Y
DRAGO MAR,OR,10,6/1/15,12:24:35,354.24,Y
DRAGO MAR,OR,10,6/1/15,12:25:05,385.75,Y
DRAGO MAR,OR,10,6/1/15,12:25:35,410.12,Y
DRAGO MAR,OR,10,6/1/15,12:26:05,376.72,Y
DRAGO MAR,OR,10,6/1/15,12:26:35,382.31,Y
DRAGO MAR,OR,10,6/1/15,12:27:05,395.69,Y
DRAGO MAR,OR,10,6/1/15,12:27:35,366.05,Y
DRAGO MAR,OR,10,6/1/15,12:28:05,372.05,Y
DRAGO MAR,OR,10,6/1/15,12:28:35,375.92,Y
DRAGO MAR,OR,10,6/1/15,12:29:05,347.97,Y
DRAGO MAR,OR,10,6/1/15,12:29:35,381.36,Y
DRAGO MAR,OR,10,6/1/15,12:30:05,379.83,Y
DRAGO MAR,OR,10,6/1/15,12:30:35,387.34,Y
DRAGO MAR,OR,10,6/1/15,12:31:05,384.85,Y
DRAGO MAR,OR,10,6/1/15,12:31:35,381.64,Y
DRAGO MAR,OR,10,6/1/15,12:32:05,388.49,Y
DRAGO MAR,OR,10,6/1/15,12:32:35,398.2,Y
DRAGO MAR,OR,10,6/1/15,12:33:05,379.12,Y
DRAGO MAR,OR,10,6/1/15,12:33:35,392.09,Y
DRAGO MAR,OR,10,6/1/15,12:34:05,391.86,Y
DRAGO MAR,OR,10,6/1/15,12:34:35,384.14,Y
DRAGO MAR,OR,10,6/1/15,12:35:05,379.1,Y
DRAGO MAR,OR,10,6/1/15,12:35:35,376.83,Y
DRAGO MAR,OR,10,6/1/15,12:36:05,367.85,Y
DRAGO MAR,OR,10,6/1/15,12:36:35,375.56,Y
DRAGO MAR,OR,10,6/1/15,12:37:05,370.55,Y
DRAGO MAR,OR,10,6/1/15,12:37:35,368.59,Y
DRAGO MAR,OR,10,6/1/15,12:38:05,356.08,Y
DRAGO MAR,OR,10,6/1/15,12:38:35,357.28,Y
DRAGO MAR,OR,10,6/1/15,12:39:05,357.8,Y
DRAGO MAR,OR,10,6/1/15,12:39:35,365.14,Y
DRAGO MAR,OR,10,6/1/15,12:40:05,355.85,Y
DRAGO MAR,OR,10,6/1/15,12:40:35,330.51,Y
DRAGO MAR,OR,10,6/1/15,12:41:05,329.71,Y
DRAGO MAR,OR,10,6/1/15,12:41:35,342,Y
DRAGO MAR,OR,10,6/1/15,12:42:05,347.01,Y
DRAGO MAR,OR,10,6/1/15,12:42:35,349.68,Y
DRAGO MAR,OR,10,6/1/15,12:43:05,347.14,Y
DRAGO MAR,OR,10,6/1/15,12:43:35,351.05,Y
DRAGO MAR,OR,10,6/1/15,12:44:05,353.03,Y
DRAGO MAR,OR,10,6/1/15,12:44:35,347.37,Y
DRAGO MAR,OR,10,6/1/15,12:45:05,351.06,Y
DRAGO MAR,OR,10,6/1/15,12:45:35,344.92,Y
DRAGO MAR,OR,10,6/1/15,12:46:05,328.11,Y
DRAGO MAR,OR,10,6/1/15,12:46:35,297.79,Y
DRAGO MAR,OR,10,6/1/15,12:47:05,304.53,Y
DRAGO MAR,OR,10,6/1/15,12:47:35,262.01,Y
DRAGO MAR,OR,10,6/1/15,12:48:05,241.37,Y
DRAGO MAR,OR,10,6/1/15,12:48:35,251.31,Y
DRAGO MAR,OR,10,6/1/15,12:49:05,255.74,Y
DRAGO MAR,OR,10,6/1/15,12:49:35,242.33,Y
DRAGO MAR,OR,10,6/1/15,12:50:05,255.62,Y
DRAGO MAR,OR,10,6/1/15,12:50:35,279.55,Y
DRAGO MAR,OR,10,6/1/15,12:51:05,271.26,Y
DRAGO MAR,OR,10,6/1/15,12:51:35,283.24,Y
DRAGO MAR,OR,10,6/1/15,12:52:05,271.56,Y
DRAGO MAR,OR,10,6/1/15,12:52:35,270.51,Y
DRAGO MAR,OR,10,6/1/15,12:53:05,276.87,Y
DRAGO MAR,OR,10,6/1/15,12:53:35,284.51,Y
DRAGO MAR,OR,10,6/1/15,12:54:05,322.89,Y
DRAGO MAR,OR,10,6/1/15,12:54:35,320.6,Y
DRAGO MAR,OR,10,6/1/15,12:55:05,295.84,Y
DRAGO MAR,OR,10,6/1/15,12:55:35,295.67,Y
DRAGO MAR,OR,10,6/1/15,12:56:05,294.45,Y
DRAGO MAR,OR,10,6/1/15,12:56:35,310.35,Y
DRAGO MAR,OR,10,6/1/15,12:57:05,307.68,Y
DRAGO MAR,OR,10,6/1/15,12:57:35,309.72,Y
DRAGO MAR,OR,10,6/1/15,12:58:05,300.27,Y
DRAGO MAR,OR,10,6/1/15,12:58:35,291.84,Y
DRAGO MAR,OR,10,6/1/15,12:59:05,282.54,Y
DRAGO MAR,OR,10,6/1/15,12:59:35,287.05,Y
DRAGO MAR,OR,10,6/1/15,13:00:05,314.53,Y
DRAGO MAR,OR,10,6/1/15,13:00:35,306.31,Y
DRAGO MAR,OR,10,6/1/15,13:01:05,297.21,Y
DRAGO MAR,OR,10,6/1/15,13:01:35,344.79,Y
DRAGO MAR,OR,10,6/1/15,13:02:05,298.39,Y
DRAGO MAR,OR,10,6/1/15,13:02:35,284.55,Y
DRAGO MAR,OR,10,6/1/15,13:03:05,263.7,Y
DRAGO MAR,OR,10,6/1/15,13:03:35,312.51,Y
DRAGO MAR,OR,10,6/1/15,13:04:05,354.99,Y
DRAGO MAR,OR,10,6/1/15,13:04:35,335,Y
DRAGO MAR,OR,10,6/1/15,13:05:05,342.53,Y
DRAGO MAR,OR,10,6/1/15,13:05:35,250.19,Y
DRAGO MAR,OR,10,6/1/15,13:06:05,257.43,Y
DRAGO MAR,OR,10,6/1/15,13:06:35,275.68,Y
DRAGO MAR,OR,10,6/1/15,13:07:05,294.56,Y
DRAGO MAR,OR,10,6/1/15,13:07:35,630.11,Y
DRAGO MAR,OR,10,6/1/15,13:08:05,527.96,Y
DRAGO MAR,OR,10,6/1/15,13:08:35,470.91,Y
DRAGO MAR,OR,10,6/1/15,13:09:05,465.38,Y
DRAGO MAR,OR,10,6/1/15,13:09:35,441.48,Y
DRAGO MAR,OR,10,6/1/15,13:10:05,471.56,Y
DRAGO MAR,OR,10,6/1/15,13:10:35,496.87,Y
DRAGO MAR,OR,10,6/1/15,13:11:05,438.04,Y
DRAGO MAR,OR,10,6/1/15,13:11:35,400.8,Y
DRAGO MAR,OR,10,6/1/15,13:12:05,458.4,Y
DRAGO MAR,OR,10,6/1/15,13:12:35,423.34,Y
DRAGO MAR,OR,10,6/1/15,13:13:05,482.07,Y
DRAGO MAR,OR,10,6/1/15,13:13:35,540.42,Y
DRAGO MAR,OR,10,6/1/15,13:14:05,548.47,Y
DRAGO MAR,OR,10,6/1/15,13:14:35,424.16,Y
DRAGO MAR,OR,10,6/1/15,13:15:05,212.99,Y
DRAGO MAR,OR,10,6/1/15,13:15:35,889.56,Y
DRAGO MAR,OR,10,6/1/15,13:16:05,1584.8,Y
DRAGO MAR,OR,10,6/1/15,13:16:35,1415.6,Y
DRAGO MAR,OR,10,6/1/15,13:17:05,734.86,Y
DRAGO MAR,OR,10,6/1/15,13:17:35,972.73,Y
DRAGO MAR,OR,10,6/1/15,13:18:05,939.18,Y
DRAGO MAR,OR,10,6/1/15,13:18:35,818.22,Y
DRAGO MAR,OR,10,6/1/15,13:19:05,981.69,Y
DRAGO MAR,OR,10,6/1/15,13:19:35,962.19,Y
DRAGO MAR,OR,10,6/1/15,13:20:05,836.13,Y
DRAGO MAR,OR,10,6/1/15,13:20:35,590.77,Y
DRAGO MAR,OR,10,6/1/15,13:21:05,486.57,Y
DRAGO MAR,OR,10,6/1/15,13:21:35,519.67,Y
DRAGO MAR,OR,10,6/1/15,13:22:05,523.79,Y
DRAGO MAR,OR,10,6/1/15,13:22:35,581.63,Y
DRAGO MAR,OR,10,6/1/15,13:23:05,556.79,Y
DRAGO MAR,OR,10,6/1/15,13:23:35,644.3,Y
DRAGO MAR,OR,10,6/1/15,13:24:05,639.63,Y
DRAGO MAR,OR,10,6/1/15,13:24:35,738.81,Y
DRAGO MAR,OR,10,6/1/15,13:25:05,934.08,Y
DRAGO MAR,OR,10,6/1/15,13:25:35,908.55,Y
DRAGO MAR,OR,10,6/1/15,13:26:05,860.63,Y
DRAGO MAR,OR,10,6/1/15,13:26:35,987.29,Y
DRAGO MAR,OR,10,6/1/15,13:27:05,1028.7,Y
DRAGO MAR,OR,10,6/1/15,13:27:35,1053.7,Y
DRAGO MAR,OR,10,6/1/15,13:28:05,1046,Y
DRAGO MAR,OR,10,6/1/15,13:28:35,1060.7,Y
DRAGO MAR,OR,10,6/1/15,13:29:05,902.97,Y
DRAGO MAR,OR,10,6/1/15,13:29:35,774.15,Y
DRAGO MAR,OR,10,6/1/15,13:30:05,689.84,Y
DRAGO MAR,OR,10,6/1/15,13:30:35,695,Y
DRAGO MAR,OR,10,6/1/15,13:31:05,702.2,Y
DRAGO MAR,OR,10,6/1/15,13:31:35,710.47,Y
DRAGO MAR,OR,10,6/1/15,13:32:05,684.63,Y
DRAGO MAR,OR,10,6/1/15,13:32:35,738.99,Y
DRAGO MAR,OR,10,6/1/15,13:33:05,725.44,Y
DRAGO MAR,OR,10,6/1/15,13:33:35,789.88,Y
DRAGO MAR,OR,10,6/1/15,13:34:05,892.17,Y
DRAGO MAR,OR,10,6/1/15,13:34:35,848.08,Y
DRAGO MAR,OR,10,6/1/15,13:35:05,800.68,Y
DRAGO MAR,OR,10,6/1/15,13:35:35,856.2,Y
DRAGO MAR,OR,10,6/1/15,13:36:05,1007.7,Y
DRAGO MAR,OR,10,6/1/15,13:36:35,988.32,Y
DRAGO MAR,OR,10,6/1/15,13:37:05,863.63,Y
DRAGO MAR,OR,10,6/1/15,13:37:35,1177.9,Y
DRAGO MAR,OR,10,6/1/15,13:38:05,805.65,Y
DRAGO MAR,OR,10,6/1/15,13:38:35,719.85,Y
DRAGO MAR,OR,10,6/1/15,13:39:05,702.69,Y
DRAGO MAR,OR,10,6/1/15,13:39:35,681.89,Y
DRAGO MAR,OR,10,6/1/15,13:40:05,630.3,Y
DRAGO MAR,OR,10,6/1/15,13:40:35,658.36,Y
DRAGO MAR,OR,10,6/1/15,13:41:05,697.18,Y
DRAGO MAR,OR,10,6/1/15,13:41:35,759.31,Y
DRAGO MAR,OR,10,6/1/15,13:42:05,1058.3,Y
DRAGO MAR,OR,10,6/1/15,13:42:35,730.69,Y
DRAGO MAR,OR,10,6/1/15,13:43:05,618.2,Y
DRAGO MAR,OR,10,6/1/15,13:43:35,571.85,Y
DRAGO MAR,OR,10,6/1/15,13:44:05,527.75,Y
DRAGO MAR,OR,10,6/1/15,13:44:35,501.36,Y
DRAGO MAR,OR,10,6/1/15,13:45:05,474.8,Y
DRAGO MAR,OR,10,6/1/15,13:45:35,453.57,Y
DRAGO MAR,OR,10,6/1/15,13:46:05,442.07,Y
DRAGO MAR,OR,10,6/1/15,13:46:35,446.13,Y
DRAGO MAR,OR,10,6/1/15,13:47:05,434.81,Y
DRAGO MAR,OR,10,6/1/15,13:47:35,419.86,Y
DRAGO MAR,OR,10,6/1/15,13:48:05,461.38,Y
DRAGO MAR,OR,10,6/1/15,13:48:35,447.24,Y
DRAGO MAR,OR,10,6/1/15,13:49:05,454.91,Y
DRAGO MAR,OR,10,6/1/15,13:49:35,465.61,Y
DRAGO MAR,OR,10,6/1/15,13:50:05,464.82,Y
DRAGO MAR,OR,10,6/1/15,13:50:35,447.5,Y
DRAGO MAR,OR,10,6/1/15,13:51:05,446.51,Y
DRAGO MAR,OR,10,6/1/15,13:51:35,428.61,Y
DRAGO MAR,OR,10,6/1/15,13:52:05,411.98,Y
DRAGO MAR,OR,10,6/1/15,13:52:35,413.68,Y
DRAGO MAR,OR,10,6/1/15,13:53:05,394.63,Y
DRAGO MAR,OR,10,6/1/15,13:53:35,393.5,Y
DRAGO MAR,OR,10,6/1/15,13:54:05,374.9,Y
DRAGO MAR,OR,10,6/1/15,13:54:35,366.34,Y
DRAGO MAR,OR,10,6/1/15,13:55:05,356.23,Y
DRAGO MAR,OR,10,6/1/15,13:55:35,353.75,Y
DRAGO MAR,OR,10,6/1/15,13:56:05,356.7,Y
DRAGO MAR,OR,10,6/1/15,13:56:35,355.67,Y
DRAGO MAR,OR,10,6/1/15,13:57:05,356.1,Y
DRAGO MAR,OR,10,6/1/15,13:57:35,357.86,Y
DRAGO MAR,OR,10,6/1/15,13:58:05,339.87,Y
DRAGO MAR,OR,10,6/1/15,13:58:35,354.39,Y
DRAGO MAR,OR,10,6/1/15,13:59:05,359.5,Y
DRAGO MAR,OR,10,6/1/15,13:59:35,354.51,Y
DRAGO MAR,OR,10,6/1/15,14:00:05,363.91,Y
DRAGO MAR,OR,10,6/1/15,14:00:35,357.12,Y
DRAGO MAR,OR,10,6/1/15,14:01:05,365.38,Y
DRAGO MAR,OR,10,6/1/15,14:01:35,365.41,Y
DRAGO MAR,OR,10,6/1/15,14:02:05,378.93,Y
DRAGO MAR,OR,10,6/1/15,14:02:35,366.79,Y
DRAGO MAR,OR,10,6/1/15,14:03:05,363.03,Y
DRAGO MAR,OR,10,6/1/15,14:03:35,377.35,Y
DRAGO MAR,OR,10,6/1/15,14:04:05,365.13,Y
DRAGO MAR,OR,10,6/1/15,14:04:35,372.64,Y
DRAGO MAR,OR,10,6/1/15,14:05:05,359.04,Y
DRAGO MAR,OR,10,6/1/15,14:05:35,367.6,Y
DRAGO MAR,OR,10,6/1/15,14:06:05,348.15,Y
DRAGO MAR,OR,10,6/1/15,14:06:35,361.06,Y
DRAGO MAR,OR,10,6/1/15,14:07:05,362.11,Y
DRAGO MAR,OR,10,6/1/15,14:07:35,361.29,Y
DRAGO MAR,OR,10,6/1/15,14:08:05,367.99,Y
DRAGO MAR,OR,10,6/1/15,14:08:35,348.93,Y
DRAGO MAR,OR,10,6/1/15,14:09:05,367.09,Y
DRAGO MAR,OR,10,6/1/15,14:09:35,363.81,Y
DRAGO MAR,OR,10,6/1/15,14:10:05,367.62,Y
DRAGO MAR,OR,10,6/1/15,14:10:35,362.45,Y
DRAGO MAR,OR,10,6/1/15,14:11:05,365.27,Y
DRAGO MAR,OR,10,6/1/15,14:11:35,369.55,Y
DRAGO MAR,OR,10,6/1/15,14:12:05,375.07,Y
DRAGO MAR,OR,10,6/1/15,14:12:35,366.55,Y
DRAGO MAR,OR,10,6/1/15,14:13:05,372.12,Y
DRAGO MAR,OR,10,6/1/15,14:13:35,370.88,Y
DRAGO MAR,OR,10,6/1/15,14:14:05,369.96,Y
DRAGO MAR,OR,10,6/1/15,14:14:35,376.61,Y
DRAGO MAR,OR,10,6/1/15,14:15:05,373.27,Y
DRAGO MAR,OR,10,6/1/15,14:15:35,369.47,Y
DRAGO MAR,OR,10,6/1/15,14:16:05,368.78,Y
DRAGO MAR,OR,10,6/1/15,14:16:35,367.58,Y
DRAGO MAR,OR,10,6/1/15,14:17:05,364.15,Y
DRAGO MAR,OR,10,6/1/15,14:17:35,362.46,Y
DRAGO MAR,OR,10,6/1/15,14:18:05,363.67,Y
DRAGO MAR,OR,10,6/1/15,14:18:35,363.43,Y
DRAGO MAR,OR,10,6/1/15,14:19:05,360.5,Y
DRAGO MAR,OR,10,6/1/15,14:19:35,359.93,Y
DRAGO MAR,OR,10,6/1/15,14:20:05,361.58,Y
DRAGO MAR,OR,10,6/1/15,14:20:35,358.83,Y
DRAGO MAR,OR,10,6/1/15,14:21:05,339.38,Y
DRAGO MAR,OR,10,6/1/15,14:21:35,348.6,Y
DRAGO MAR,OR,10,6/1/15,14:22:05,356.75,Y
DRAGO MAR,OR,10,6/1/15,14:22:35,348.56,Y
DRAGO MAR,OR,10,6/1/15,14:23:05,337.48,Y
DRAGO MAR,OR,10,6/1/15,14:23:35,335.24,Y
DRAGO MAR,OR,10,6/1/15,14:24:05,340.27,Y
DRAGO MAR,OR,10,6/1/15,14:24:35,333.66,Y
DRAGO MAR,OR,10,6/1/15,14:25:05,327.58,Y
DRAGO MAR,OR,10,6/1/15,14:25:35,330.65,Y
DRAGO MAR,OR,10,6/1/15,14:26:05,338.46,Y
DRAGO MAR,OR,10,6/1/15,14:26:35,338.81,Y
DRAGO MAR,OR,10,6/1/15,14:27:05,332.68,Y
DRAGO MAR,OR,10,6/1/15,14:27:35,327.76,Y
DRAGO MAR,OR,10,6/1/15,14:28:05,347.33,Y
DRAGO MAR,OR,10,6/1/15,14:28:35,352.37,Y
DRAGO MAR,OR,10,6/1/15,14:29:05,350.68,Y
DRAGO MAR,OR,10,6/1/15,14:29:35,372.71,Y
DRAGO MAR,OR,10,6/1/15,14:30:05,359.82,Y
DRAGO MAR,OR,10,6/1/15,14:30:35,361.85,Y
DRAGO MAR,OR,10,6/1/15,14:31:05,369.77,Y
DRAGO MAR,OR,10,6/1/15,14:31:35,362.03,Y
DRAGO MAR,OR,10,6/1/15,14:32:05,358.2,Y
DRAGO MAR,OR,10,6/1/15,14:32:35,358.36,Y
DRAGO MAR,OR,10,6/1/15,14:33:05,357.85,Y
DRAGO MAR,OR,10,6/1/15,14:33:35,359.07,Y
DRAGO MAR,OR,10,6/1/15,14:34:05,364.28,Y
DRAGO MAR,OR,10,6/1/15,14:34:35,383.4,Y
DRAGO MAR,OR,10,6/1/15,14:35:05,382.4,Y
DRAGO MAR,OR,10,6/1/15,14:35:35,387.82,Y
DRAGO MAR,OR,10,6/1/15,14:36:05,382.01,Y
DRAGO MAR,OR,10,6/1/15,14:36:35,378.84,Y
DRAGO MAR,OR,10,6/1/15,14:37:05,382.75,Y
DRAGO MAR,OR,10,6/1/15,14:37:35,409.39,Y
DRAGO MAR,OR,10,6/1/15,14:38:05,390.34,Y